student_id,problem_id,correctness_rate,attempts,attempted_at,difficulty,submission_count,runtime_ms,source_code,complexity_score,source_cohort,prev_difficulty,label,prev_difficulty_ord,train_test_split
022487bb-6e2c-4a58-9bb3-519cfda75fb1,1,100.0,2,2026-08-18 11:58:06.405705+00:00,easy,1,5938,"def odd_or_even(n):
    """"""
    Print ""Even"" if n is even, or ""Odd"" if n is odd.
    """"""
    if n % 2 == 0:
        print(""Even"")
    else:
        print(""Odd"")
    pass
",0,G2,,hard,-1,TRAIN
022487bb-6e2c-4a58-9bb3-519cfda75fb1,115,100.0,1,2026-08-18 12:09:48.093504+00:00,hard,1,5808,"class ListNode:
    def __init__(self, val=0, next=None):
        self.val = val
        self.next = next

def remove_nth_from_end(head, n):
    """"""
    Remove the nth node from the end (single pass, two-pointer) and return the head.
    """"""
    dummy = ListNode(0, head)
    first = dummy
    second = dummy
    
    for _ in range(n + 1):
        first = first.next
    
    while first:
        first = first.next
        second = second.next
    
    second.next = second.next.next
    
    return dummy.next
    pass
",1,G2,easy,hard,0,TRAIN
022487bb-6e2c-4a58-9bb3-519cfda75fb1,116,100.0,1,2026-08-18 12:16:12.365769+00:00,hard,1,6788,"class ListNode:
    def __init__(self, val=0, next=None):
        self.val = val
        self.next = next

def is_palindrome_ll(head):
    """"""
    Return True if the linked list reads the same forwards and backwards.
    """"""
    if not head or not head.next:
        return True

    slow = fast = head
    while fast and fast.next:
        slow = slow.next
        fast = fast.next.next

    second_half = reverse_list(slow)
    
    first_half = head
    while second_half:
        if first_half.val != second_half.val:
            return False
        first_half = first_half.next
        second_half = second_half.next

    reverse_list(slow)

    return True

def reverse_list(node):
    prev = None
    current = node
    while current:
        next_node = current.next
        current.next = prev
        prev = current
        current = next_node
    return prev
    pass
",1,G2,hard,medium,2,TRAIN
022487bb-6e2c-4a58-9bb3-519cfda75fb1,117,0.0,2,2026-08-18 12:32:44.728766+00:00,hard,2,4903,"class ListNode:
    def __init__(self, val=0, next=None):
        self.val = val
        self.next = next

def get_intersection(headA, headB):
    """"""
    Return the node at which two linked lists intersect (same node object), or None if they don't.
    """"""
    if not headA or not headB:
        return None

    lenA = 0
    lenB = 0
    currA = headA
    currB = headB

    while currA:
        lenA += 1
        currA = currA.next

    while currB:
        lenB += 1
        currB = currB.next

    currA = headA
    currB = headB

    if lenA > lenB:
        for _ in range(lenA - lenB):
            currA = currA.next
    else:
        for _ in range(lenB - lenA):
            currB = currB.next

    
    while currA and currB:
        if currA is currB:  
            return currA
        currA = currA.next
        currB = currB.next

    return None
    pass
",1,G2,hard,hard,2,TRAIN
022487bb-6e2c-4a58-9bb3-519cfda75fb1,112,100.0,5,2026-08-18 12:34:49.188529+00:00,hard,4,5938,"class ListNode:
    def __init__(self, val=0, next=None):
        self.val = val
        self.next = next

def find_middle(head):
    """"""
    Return the value of the middle node using slow/fast pointers (second middle if even length).
    """"""
    if not head:
        return None

    slow = fast = head
    
    while fast and fast.next:
        slow = slow.next
        fast = fast.next.next
    
    return slow.val",1,G2,hard,easy,2,TRAIN
022487bb-6e2c-4a58-9bb3-519cfda75fb1,5,0.0,5,2026-08-18 14:56:58.021941+00:00,easy,5,5853,"def simple_calculator(a, b, op):
    """"""
    Print the result of applying op ('+','-','*','/') to a and b, rounded to 2 decimal places. Handle division by zero and unknown operators.
    """"""
    pass
",0,G2,hard,easy,2,TRAIN
022487bb-6e2c-4a58-9bb3-519cfda75fb1,96,0.0,4,2026-08-18 14:57:03.140656+00:00,medium,4,4924,"def flood_fill(grid, row, col, new_color):
    """"""
    Flood-fill connected same-colored cells from (row, col) with new_color. Return a modified deep copy.
    """"""
    pass
",0,G2,easy,easy,0,TRAIN
022487bb-6e2c-4a58-9bb3-519cfda75fb1,60,0.0,5,2026-08-18 14:57:03.304995+00:00,medium,5,6861,"class Pet:
    def __init__(self, name, age, owner):
        pass

    def info(self):
        pass

    def sound(self):
        pass

    def human_age(self):
        pass

class Dog(Pet):
    def __init__(self, name, age, owner, breed):
        super().__init__(name, age, owner)
        pass

    def sound(self):
        pass

    def info(self):
        pass

class Cat(Pet):
    def __init__(self, name, age, owner, indoor):
        super().__init__(name, age, owner)
        pass

    def sound(self):
        pass

    def info(self):
        pass

class Parrot(Pet):
    def __init__(self, name, age, owner, phrase):
        super().__init__(name, age, owner)
        pass

    def sound(self):
        pass

    def info(self):
        pass
",3,G2,medium,medium,1,TRAIN
022487bb-6e2c-4a58-9bb3-519cfda75fb1,131,0.0,5,2026-08-18 14:57:10.226195+00:00,hard,5,6839,"def partition(arr, low, high):
    """"""
    Partition arr[low:high+1] around the last element as pivot; return the pivot's final index.
    """"""
    pass

def quicksort(arr):
    """"""
    Sort arr ascending using quicksort (last element as pivot). Return the sorted list.
    """"""
    pass
",0,G2,medium,medium,1,TRAIN
022487bb-6e2c-4a58-9bb3-519cfda75fb1,104,0.0,5,2026-08-18 14:57:10.643455+00:00,hard,5,5875,"def next_greater(nums):
    """"""
    Use a stack to return, for each element, the next greater element to its right (-1 if none).
    """"""
    pass
",0,G2,hard,medium,2,TRAIN
022487bb-6e2c-4a58-9bb3-519cfda75fb1,107,0.0,5,2026-08-18 14:57:13.823593+00:00,hard,5,5829,"class CircularQueue:
    def __init__(self, capacity):
        pass

    def enqueue(self, item):
        pass

    def dequeue(self):
        pass

    def peek(self):
        pass

    def is_full(self):
        pass

    def is_empty(self):
        pass

    def size(self):
        pass
",0,G2,hard,easy,2,TRAIN
022487bb-6e2c-4a58-9bb3-519cfda75fb1,45,0.0,5,2026-08-18 14:57:17.889749+00:00,easy,5,2911,"def text_report(text):
    """"""
    Return a dict with char_count, word_count, sentence_count, unique_words, most_common_word,
    avg_word_length, and longest_word for the given text.
    """"""
    pass
",0,G2,hard,easy,2,TRAIN
022487bb-6e2c-4a58-9bb3-519cfda75fb1,53,0.0,5,2026-08-18 14:57:23.599119+00:00,medium,5,7766,"class InventoryManager:
    def __init__(self):
        self.__inventory = {}

    def add_item(self, name, price, stock, category):
        pass

    def restock(self, name, quantity):
        pass

    def sell(self, name, quantity):
        pass

    def get_by_category(self, category):
        pass

    def total_value(self):
        pass

    def low_stock_alert(self, threshold=5):
        pass
",0,G2,easy,easy,0,TRAIN
022487bb-6e2c-4a58-9bb3-519cfda75fb1,27,0.0,5,2026-08-18 14:57:24.838268+00:00,easy,5,4849,"def staircase(n):
    """"""
    Print a staircase pattern with running totals per row, followed by the grand total.
    """"""
    pass
",0,G2,medium,easy,1,TRAIN
08d6ced7-e852-4323-8844-8e525fb55cf1,100,100.0,5,2026-08-18 14:06:12.657577+00:00,hard,1,6749,"def check_brackets(s):
    stack = []
    pairs = {')': '(', ']':'[', '}':'{'}

    for char in s:
        if char in ""([{"":
            stack.append(char)
        elif char in "")]}"":
            if not stack or stack.pop() != pairs[char]:
                return False

    return not stack
",1,G2,,hard,-1,TRAIN
08d6ced7-e852-4323-8844-8e525fb55cf1,105,100.0,2,2026-08-18 14:11:23.488478+00:00,hard,1,5873,"def round_robin(tasks, cooldown):
    queue = list(tasks)
    elapsed = 0

    while queue:
        name, remaining = queue.pop(0)

        worked = min(remaining, cooldown)
        elapsed += worked
        remaining -= worked

        if remaining > 0:
            queue.append((name, remaining))
    return elapsed
",1,G2,hard,hard,2,TRAIN
08d6ced7-e852-4323-8844-8e525fb55cf1,103,100.0,2,2026-08-18 14:17:30.287433+00:00,hard,1,4858,"def simulate_queue(customers):
    queue = list(customers)
    result = {}
    current_time = 0

    while queue:
        name, service_time = queue.pop(0)
        current_time += service_time
        result[name] = current_time
    return result
",1,G2,hard,hard,2,TRAIN
08d6ced7-e852-4323-8844-8e525fb55cf1,104,100.0,2,2026-08-18 14:25:02.299071+00:00,hard,1,5800,"def next_greater(nums):
    result = [-1] * len(nums)
    stack = []

    for i in range(len(nums) - 1, -1, -1):
        while stack and stack[-1] <= nums[i]:
            stack.pop()

        if stack:
            result[i] = stack[-1]

        stack.append(nums[i])
    return result",2,G2,hard,hard,2,TRAIN
08d6ced7-e852-4323-8844-8e525fb55cf1,112,100.0,3,2026-08-18 14:34:08.065995+00:00,hard,1,6391,"class ListNode:
    def __init__(self, val=0, next=None):
        self.val = val
        self.next = next

def find_middle(head):
    slow = head
    fast = head

    while fast and fast.next:
        slow = slow.next
        fast = fast.next.next

    if slow:
        return slow.val
    return None
",1,G2,hard,hard,2,TRAIN
08d6ced7-e852-4323-8844-8e525fb55cf1,113,100.0,2,2026-08-18 14:38:18.445604+00:00,hard,1,5844,"class ListNode:
    def __init__(self, val=0, next=None):
        self.val = val
        self.next = next

def merge_sorted(l1, l2):
    if l1 is None:
        return l2
    if l2 is None:
        return l1

    if l1.val < l2.val:
        head = l1
        l1 = l1.next
    else:
        head = l2
        l2 = l2.next

    current = head

    while l1 is not None and l2 is not None:
        if l1.val < l2.val:
            current.next = l1
            l1 = l1.next
        else:
            current.next = l2
            l2 = l2.next

        current = current.next

    if l1 is not None:
        current.next = l1
    else:
        current.next = l2

    return head
",1,G2,hard,medium,2,TRAIN
08d6ced7-e852-4323-8844-8e525fb55cf1,5,100.0,2,2026-08-18 14:41:03.262264+00:00,easy,1,5846,"def simple_calculator(a, b, op):
    if op == ""+"":
        result = a + b
    elif op == ""-"":
        result = a - b
    elif op == ""*"":
        result = a * b
    elif op == ""/"":
        if b == 0:
            print(""Error: Division by zero"")
            return
        result = a / b
    else:
        print(""Error: Unknown operator"")
        return

    print(round(result, 2))",0,G2,hard,medium,2,TRAIN
08d6ced7-e852-4323-8844-8e525fb55cf1,15,100.0,2,2026-08-18 14:43:08.890769+00:00,easy,1,7770,"def rps_result(p1, p2):
    valid = [""Rock"", ""Paper"", ""Scissors""]

    if p1 not in valid or p2 not in valid:
        return ""Invalid""

    if p1 == p2:
        return ""Draw""

    if (p1 == ""Rock"" and p2 == ""Scissors"") or \
       (p1 == ""Scissors"" and p2 == ""Paper"") or \
       (p1 == ""Paper"" and p2 == ""Rock""):
        return ""Player 1 wins""

    return ""Player 2 wins""",0,G2,easy,hard,0,TRAIN
08d6ced7-e852-4323-8844-8e525fb55cf1,60,100.0,2,2026-08-18 14:44:55.742192+00:00,medium,1,6755,"class Pet:
    def __init__(self, name, age, owner):
        self.name = name
        self.age = age
        self.owner = owner

    def info(self):
        return f""{self.name} (age {self.age}), owned by {self.owner}""

    def sound(self):
        return f""{self.name} makes a sound""

    def human_age(self):
        return self.age * 7


class Dog(Pet):
    def __init__(self, name, age, owner, breed):
        super().__init__(name, age, owner)
        self.breed = breed

    def sound(self):
        return f""{self.name} barks""

    def info(self):
        return super().info() + f"", Breed: {self.breed}""


class Cat(Pet):
    def __init__(self, name, age, owner, indoor):
        super().__init__(name, age, owner)
        self.indoor = indoor

    def sound(self):
        return f""{self.name} meows""

    def info(self):
        return super().info() + f"", Indoor: {self.indoor}""

    def human_age(self):
        return self.age * 5


class Parrot(Pet):
    def __init__(self, name, age, owner, phrase):
        super().__init__(name, age, owner)
        self.phrase = phrase

    def sound(self):
        return f""{self.name} says: {self.phrase}""

    def info(self):
        return super().info() + f"", Phrase: {self.phrase}""

    def human_age(self):
        return self.age * 4",3,G2,easy,hard,0,TRAIN
08d6ced7-e852-4323-8844-8e525fb55cf1,96,100.0,2,2026-08-18 14:51:34.008206+00:00,medium,1,4855,"def flood_fill(grid, row, col, new_color):
    result = [r[:] for r in grid]
    old_color = result[row][col]

    if old_color == new_color:
        return result

    stack = [(row, col)]

    while stack:
        r, c = stack.pop()
        result[r][c] = new_color

        for nr, nc in [(r-1, c), (r+1, c), (r, c-1), (r, c+1)]:
            if 0 <= nr < len(result) and 0 <= nc < len(result[0]):
                if result[nr][nc] == old_color:
                    stack.append((nr, nc))

    return result",2,G2,medium,medium,1,TRAIN
08d6ced7-e852-4323-8844-8e525fb55cf1,16,100.0,2,2026-08-18 15:09:45.938049+00:00,easy,1,6802,"def check_loan(age, income, credit_score, existing_loans):
    if age < 18:
        return ""Rejected: Underage""
    elif income < 15000:
        return ""Rejected: Insufficient income""
    elif credit_score < 600:
        return ""Rejected: Poor credit score""
    elif existing_loans >= 3:
        return ""Rejected: Too many existing loans""
    elif credit_score >= 750 and income >= 50000:
        return ""Approved: Premium""
    elif credit_score >= 700:
        return ""Approved: Standard""
    else:
        return ""Approved: Basic""",0,G2,medium,medium,1,TRAIN
08d6ced7-e852-4323-8844-8e525fb55cf1,44,80.0,4,2026-08-18 15:17:48.020735+00:00,easy,1,9826,"def flatten_and_sort(nested):
    flat = [item for group in nested for item in group]
    return sorted(flat)


def flatten_and_filter(nested, threshold):
    flat = [item for group in nested for item in group]
    return [item for item in flat if item > threshold]


def flatten_and_deduplicate(nested):
    flat = [item for group in nested for item in group]
    return sorted(flat)",2,G2,easy,medium,0,TRAIN
08d6ced7-e852-4323-8844-8e525fb55cf1,61,71.43,5,2026-08-18 15:22:07.487329+00:00,medium,1,6853,"class StaffMember:
    def __init__(self, staff_id, name, department):
        self.staff_id = staff_id
        self.name = name
        self.department = department
        self.__attendance = []

    def mark_attendance(self, date):
        if date in self.__attendance:
            raise ValueError(""Attendance already recorded"")
        self.__attendance.append(date)

    def attendance_count(self):
        return len(self.__attendance)

    def info(self):
        return f""[{self.staff_id}] {self.name} - {self.department}""

    def teaching_hours(self):
        return 0


class Teacher(StaffMember):
    def __init__(self, staff_id, name, department, subject):
        super().__init__(staff_id, name, department)
        self.subject = subject

    def info(self):
        return super().info() + f"", Subject: {self.subject}""

    def teaching_hours(self, hours_per_day=6):
        return self.attendance_count() * hours_per_day


class Administrator(StaffMember):
    def __init__(self, staff_id, name, department, role):
        super().__init__(staff_id, name, department)
        self.role = role

    def info(self):
        return super().info() + f"", Role: {self.role}""

    def is_senior(self, threshold=20):
        return self.attendance_count() >= threshold",3,G2,easy,medium,0,TRAIN
08d6ced7-e852-4323-8844-8e525fb55cf1,89,66.67,4,2026-08-18 15:31:38.436953+00:00,medium,1,5967,"class LRUCache:
    def __init__(self, capacity):
        if capacity < 1:
            raise ValueError(""Capacity must be at least 1"")

        self.capacity = capacity
        self.cache = {}
        self.order = []

    def get(self, key):
        if key not in self.cache:
            return -1

        return self.cache[key]

    def put(self, key, value):
        if key in self.cache:
            self.order.remove(key)

        self.cache[key] = value
        self.order.append(key)

        if len(self.order) > self.capacity:
            old_key = self.order.pop(0)
            del self.cache[old_key]

    def size(self):
        return len(self.cache)

    def keys(self):
        return list(reversed(self.order))",0,G2,medium,hard,1,TRAIN
08d6ced7-e852-4323-8844-8e525fb55cf1,143,100.0,7,2026-08-18 15:48:26.993387+00:00,hard,1,3869,"def solve_n_queens(n):
    solutions = []
    board = [["".""] * n for _ in range(n)]
    used_cols = set()
    used_diag = set()
    used_other = set()

    def solve(row):
        if row == n:
            solutions.append(["""".join(row) for row in board])
            return

        for col in range(n):
            diag1 = row - col
            diag2 = row + col

            if col in used_cols or diag1 in used_diag or diag2 in used_other:
                continue

            board[row][col] = ""Q""
            used_cols.add(col)
            used_diag.add(diag1)
            used_other.add(diag2)

            solve(row + 1)

            board[row][col] = "".""
            used_cols.remove(col)
            used_diag.remove(diag1)
            used_other.remove(diag2)

    solve(0)
    return sorted(solutions)",2,G2,medium,hard,1,TRAIN
08d6ced7-e852-4323-8844-8e525fb55cf1,139,100.0,6,2026-08-18 16:30:43.688688+00:00,hard,3,2984,"def hanoi(n, source, target, auxiliary):
    moves = []

    if n == 1:
        moves.append(f""Move disk 1 from {source} to {target}"")
        return moves

    moves += hanoi(n - 1, source, auxiliary, target)
    moves.append(f""Move disk {n} from {source} to {target}"")
    moves += hanoi(n - 1, auxiliary, target, source)

    return moves",3,G2,hard,hard,2,TRAIN
0e0fcb50-22e0-46d0-bad8-e9736cbd4d17,64,83.33,4,2026-08-18 16:18:54.802210+00:00,medium,1,5847,"class Notification:
    def __init__(self, recipient, message):
        self.recipient = recipient
        self.message = message
        

    def send(self):
        return f""Sending notification to {self.recipient}""


class EmailNotification(Notification):
    def send(self):
        return f""Email sent to {self.recipient}: {self.message}""

class SMSNotification(Notification):
    def send(self):
        return f""SMS sent to {self.recipient}: {self.message}""

class PushNotification(Notification):
    def send(self):
        return f""Push notification sent to {self.recipient}: {sef.message}""


def send_all(notifications):
   return [notification.send() for notification in notifications]",1,G2,,hard,-1,TRAIN
0e0fcb50-22e0-46d0-bad8-e9736cbd4d17,65,100.0,4,2026-08-18 16:30:29.374735+00:00,medium,1,5793,"class Payment:
    def __init__(self, amount):
        self.amount = amount

    def process(self):
        return f""Processing payment of {self.amount}""


class CreditCard(Payment):
    def __init__(self, amount, card_number):
        super().__init__(amount)
        self.card_number = str(card_number)

    def process(self):
        last_4 = self.card_number[-4:]
        return f""Credit card ending in {last_4} charged {self.amount}""


class PayPal(Payment):
    def __init__(self, amount, email):
        super().__init__(amount)
        self.email = email

    def process(self):
        return f""PayPal payment of {self.amount} sent to {self.email}""


class Cash(Payment):
    def process(self):
        return f""Cash payment of {self.amount} accepted""


def process_all(payments):
    return [payment.process() for payment in payments]",3,G2,medium,easy,1,TRAIN
0e0fcb50-22e0-46d0-bad8-e9736cbd4d17,70,0.0,5,2026-08-18 16:42:58.016643+00:00,medium,1,4850,"class ReportSection:
    def __init__(self, title, data):
        self.title = title
        self.data = data

    def generate(self):
        return f""=== {title} ===\n{formatted_data}""

    def summary(self):
        return f""{title}: {len(data)} item(s)""

class TableSection(ReportSection):
    def __init__(self, title, data, headers):
        self.title = title
        self.data = data
        self.headers = headers

    def generate(self):
        pass

class ChartSection(ReportSection):
    def generate(self):
        pass

class SummarySection(ReportSection):
    def __init__(self, title, sections):
        pass

    def generate(self):
        pass

def build_report(sections):
    """"""
    Return the full report, joining each section's generate() with a blank line.
    """"""
    pass
",0,G2,medium,easy,1,TRAIN
0e0fcb50-22e0-46d0-bad8-e9736cbd4d17,54,50.0,10,2026-08-18 17:04:58.435465+00:00,medium,1,7799,"class TicketBooking:
    def __init__(self) -> None:
        self.__seats: dict[str, dict] = {}

    def add_seat(self, seat_id: str, price: float) -> None:
        if seat_id in self.__seats:
            raise ValueError(f""Seat '{seat_id}' already exists."")
        if price <= 0:
            raise ValueError(""Price must be greater than 0."")

        self.__seats[seat_id] = {
            ""status"": ""available"",
            ""holder"": None,
            ""price"": float(price),
        }

    def book_seat(self, seat_id: str, holder_name: str) -> None:
        if seat_id not in self.__seats:
            raise ValueError(f""Seat '{seat_id}' not found."")
        if self.__seats[seat_id][""status""] == ""booked"":
            raise ValueError(f""Seat '{seat_id}' is already booked."")

        self.__seats[seat_id][""status""] = ""booked""
        self.__seats[seat_id][""holder""] = holder_name

    def cancel_booking(self, seat_id: str) -> None:
        if seat_id not in self.__seats:
            raise ValueError(f""Seat '{seat_id}' not found."")
        if self.__seats[seat_id][""status""] == ""available"":
            raise ValueError(f""Seat '{seat_id}' is not currently booked."")

        self.__seats[seat_id][""status""] = ""available""
        self.__seats[seat_id][""holder""] = None

    def available_seats(self) -> list[str]:
        return sorted(
            seat_id
            for seat_id, info in self.__seats.items()
            if info[""status""] == ""available""
        )",1,G2,medium,hard,1,TRAIN
0e0fcb50-22e0-46d0-bad8-e9736cbd4d17,49,100.0,7,2026-08-18 17:19:53.929447+00:00,medium,1,6075,"class BankAccount:
    def __init__(self):
        self.__balance = 0

    def deposit(self, amount):
        if (amount <= 0):
            raise ValueError(""Your amount is 0 or less than 0"")
        else:
            self.__balance += amount

    def withdraw(self, amount):
        if amount <= 0:
            raise ValueError(""Amount must be greater than 0"")
        elif amount > self.__balance:
            raise ValueError(""Insufficient funds"")
        self.__balance -= amount

    def get_balance(self):
        return self.__balance

    def transfer(self, amount, target):
        self.withdraw(amount)
        target.deposit(amount)",0,G2,medium,hard,1,TRAIN
10eca2a7-ec07-4e77-b020-6a41a9c9266e,4,100.0,13,2026-08-18 12:18:15.015399+00:00,easy,1,3881,"def rectangle_properties(width, height):
    """"""
    Print the area, perimeter, diagonal (rounded to 2 dp), and whether the rectangle is a square.
    """"""
    area = width * height
    perimeter = 2 * (width + height)
    diagonal = (width**2 + height**2) ** 0.5

    print(f""Area: {area}"")
    print(f""Perimeter: {perimeter}"")
    print(f""Diagonal: {round(diagonal, 2)}"")
    print(f""Is square: {width == height}"")",0,G2,,hard,-1,TRAIN
10eca2a7-ec07-4e77-b020-6a41a9c9266e,59,100.0,7,2026-08-18 12:48:26.727927+00:00,medium,1,7736,"class Media:
    def __init__(self, title, creator, year):
        self.title = title
        self.creator = creator
        self.year = year

    def info(self):
        return f""{self.title} by {self.creator} ({self.year})""

    def is_classic(self):
        return self.year < 2000


class Book(Media):
    def __init__(self, title, creator, year, pages):
        super().__init__(title, creator, year)
        self.pages = pages

    def info(self):
        return f""{self.title} by {self.creator} ({self.year}) — {self.pages} pages""

    def reading_time(self, wpm=250):
        words = self.pages * 250
        return round(words / wpm)


class Movie(Media):
    def __init__(self, title, creator, year, duration_min):
        super().__init__(title, creator, year)
        self.duration_min = duration_min

    def info(self):
        return f""{self.title} directed by {self.creator} ({self.year}) — {self.duration_min} min""

    def is_feature(self):
        return self.duration_min >= 60


class Song(Media):
    def __init__(self, title, creator, year, duration_sec):
        super().__init__(title, creator, year)
        self.duration_sec = duration_sec

    def info(self):
        return f""{self.title} by {self.creator} ({self.year}) — {self.duration_sec}s""

    def formatted_duration(self):
        minutes, seconds = divmod(self.duration_sec, 60)
        return f""{minutes}:{seconds:02d}""",3,G2,easy,hard,0,TRAIN
10eca2a7-ec07-4e77-b020-6a41a9c9266e,113,100.0,2,2026-08-18 12:58:22.537896+00:00,hard,1,5880,"class ListNode:
    def __init__(self, val=0, next=None):
        self.val = val
        self.next = next

def merge_sorted(l1, l2):
    """"""
    Merge two sorted linked lists into one sorted linked list (relink nodes, don't create new ones) and return the head.
    """"""
    dummy = ListNode()
    tail = dummy

    while l1 and l2:
        if l1.val < l2.val:
            tail.next = l1
            l1 = l1.next
        else:
            tail.next = l2
            l2 = l2.next
        tail = tail.next
    
    tail.next = l1 or l2
    return dummy.next
            
    pass
",1,G2,medium,hard,1,TRAIN
10eca2a7-ec07-4e77-b020-6a41a9c9266e,121,100.0,3,2026-08-18 13:06:11.963680+00:00,hard,1,6785,"class TreeNode:
    def __init__(self, val=0, left=None, right=None):
        self.val = val
        self.left = left
        self.right = right

def inorder(root):
    """"""
    Return node values via iterative inorder traversal (explicit stack).
    """"""
    result = []
    stack = []
    current = root
    
    while current or stack:
        while current:
            stack.append(current)
            current = current.left

        current = stack.pop()
        result.append(current.val)
        
        current = current.right
        
    return result

def preorder(root):
    """"""
    Return node values via iterative preorder traversal (explicit stack).
    """"""
    if not root:
        return []
        
    result = []
    stack = [root]
    
    while stack:
        current = stack.pop()
        result.append(current.val)
        
        if current.right:
            stack.append(current.right)
        if current.left:
            stack.append(current.left)
            
    return result

def postorder(root):
    """"""
    Return node values via iterative postorder traversal (explicit stack).
    """"""
    if not root:
        return []
        
    result = []
    stack = [root]
    

    while stack:
        current = stack.pop()
        result.append(current.val)
        
        if current.left:
            stack.append(current.left)
        if current.right:
            stack.append(current.right)
            
    return result[::-1] 
",2,G2,hard,hard,2,TRAIN
10eca2a7-ec07-4e77-b020-6a41a9c9266e,139,100.0,7,2026-08-18 13:24:01.845155+00:00,hard,1,2909,"def hanoi(n, source, target, auxiliary):
    """"""
    Return the list of move strings solving Tower of Hanoi with n disks.
    """"""
    if n == 0:
        return []

    move = []

    move.extend(hanoi(n-1, source, auxiliary, target))

    move.append(f""Move disk {n} from {source} to {target}"")

    move.extend(hanoi(n-1, auxiliary, target, source))

    return move
    pass
",3,G2,hard,medium,2,TRAIN
1cbaaf59-3ac4-4b95-b573-6d09e3605af4,37,100.0,5,2026-08-16 16:14:57.120922+00:00,easy,1,5896,"def count_occurrences(text, sub):
    """"""
    Return the number of non-overlapping, case-insensitive occurrences of sub in text.
    """"""
    return text.lower().count(sub.lower())
    pass
",0,G1,,medium,-1,TRAIN
1cbaaf59-3ac4-4b95-b573-6d09e3605af4,38,100.0,9,2026-08-16 18:54:53.395622+00:00,easy,1,4895,"def is_palindrome_str(s):
    """"""
    Return True if s is a palindrome, ignoring spaces and casing.
    """"""
    pal = s.lower().replace("" "", """")
    if (pal[::-1] == pal):
        return True
    return False",0,G1,easy,hard,0,TRAIN
1cbaaf59-3ac4-4b95-b573-6d09e3605af4,137,100.0,2,2026-08-16 19:02:12.710213+00:00,hard,1,5815,"def is_palindrome(s):
    """"""
    Recursively check if s is a palindrome (no loops or string reversal).
    """"""
    if len(s) <= 1:
        return True

    if s[0] != s[-1]:
        return False

    return is_palindrome(s[1:-1])",2,G1,easy,hard,0,TRAIN
1cbaaf59-3ac4-4b95-b573-6d09e3605af4,136,100.0,2,2026-08-16 19:09:40.929717+00:00,hard,1,5837,"def flatten(nested):
    """"""
    Recursively flatten an arbitrarily nested list into a single flat list of integers.
    """"""
    result = []

    for item in nested:
        if isinstance(item, list):
            result.extend(flatten(item))
        else:
            result.append(item)

    return result",2,G1,hard,hard,2,TRAIN
1cbaaf59-3ac4-4b95-b573-6d09e3605af4,138,100.0,2,2026-08-16 19:13:27.810646+00:00,hard,1,5833,"def count_paths(rows, cols):
    """"""
    Recursively count the unique top-left to bottom-right paths in a rows x cols grid (right/down moves only).
    """"""
    if rows == 1 or cols == 1:
        return 1

    return count_paths(rows - 1, cols) + count_paths(rows, cols - 1)

def count_paths_memo(rows, cols, memo=None):
    """"""
    Same as count_paths, with memoization to avoid recomputation.
    """"""
    if memo is None:
        memo = {}

    if rows == 1 or cols == 1:
        return 1

    if (rows, cols) in memo:
        return memo[(rows, cols)]

    memo[(rows, cols)] = (
        count_paths_memo(rows - 1, cols, memo)
        + count_paths_memo(rows, cols - 1, memo)
    )

    return memo[(rows, cols)]
",3,G1,hard,hard,2,TRAIN
1d27fba0-faa7-43ff-a85d-df9284b01883,109,100.0,2,2026-08-18 06:03:08.929829+00:00,hard,1,6815,"class ListNode:
    def __init__(self, val=0, next=None):
        self.val = val
        self.next = next

def ll_sum(head):
    """"""
    Return the sum of all node values in the linked list. Return 0 for an empty list.
    """"""
    total = 0
    current = head
    while current is not None:
        total += current.val
        current = current.next
    return total

def ll_to_list(head):
    """"""
    Convert a linked list to a Python list of values.
    """"""
    result = []
    current = head
    while current is not None:
        result.append(current.val)
        current = current.next
    return result

def list_to_ll(values):
    """"""
    Convert a Python list to a linked list and return the head node (or None if empty).
    """"""
    if not values:
        return None
    head = ListNode(values[0])
    current = head
    for value in values[1:]:
        current.next = ListNode(value)
        current = current.next
    return head",1,G2,,hard,-1,TRAIN
1d27fba0-faa7-43ff-a85d-df9284b01883,115,100.0,2,2026-08-18 06:57:53.668475+00:00,hard,1,6447,"class ListNode:
    def __init__(self, val=0, next=None):
        self.val = val
        self.next = next

def remove_nth_from_end(head, n):
    """"""
    Remove the nth node from the end (single pass, two-pointer) and return the head.
    """"""
    temp = ListNode(0, head)
    pointer1 = temp
    pointer2 = temp

    for _ in range(n):
        pointer1 = pointer1.next

    while pointer1.next is not None:
        pointer1 = pointer1.next
        pointer2 = pointer2.next

    pointer2.next = pointer2.next.next

    return temp.next",1,G2,hard,hard,2,TRAIN
2a07d75e-71d9-44cc-9218-dffa73f52b31,37,100.0,5,2026-08-18 05:37:17.795530+00:00,easy,2,5846,"def count_occurrences(text, sub):
    """"""
    Return the number of non-overlapping, case-insensitive occurrences of sub in text.
    """"""
    if not sub:
        return 0
    return text.lower().count(sub.lower())
",0,G2,,medium,-1,TRAIN
2a07d75e-71d9-44cc-9218-dffa73f52b31,43,80.0,2,2026-08-18 05:44:36.892239+00:00,easy,2,4821,"def transform_string(text, operations):
    """"""
    Apply each operation in operations to text in order, and return the result. Unrecognized ops are skipped.
    """"""
    op_map = {
        ""upper"": lambda s: s.upper(),
        ""lower"": lambda s: s.lower(),
        ""title"": lambda s: s.title(),
        ""reverse"": lambda s: s[::-1],
        ""strip"": lambda s: s.strip(),
        ""remove_spaces"": lambda s: s.replace("" "", """"),
        ""replace_vowels"": lambda s: re.sub(r'[aeiouAEIOU]', '*', s)
    }

    for op in operations:
        if op in op_map:
            text = op_map[op](text)
            
    return text",1,G2,easy,medium,0,TRAIN
2d4b222f-55ea-4a47-9537-c46795d9e1b7,76,100.0,2,2026-08-16 17:33:22.134684+00:00,medium,1,5824,"class Doctor:
    def __init__(self, doctor_id, name, specialty):
        self.doctor_id = doctor_id
        self.name = name
        self.specialty = specialty


class HospitalSystem:
    def __init__(self):
        self.doctors = {}
        self.appointments = []

    def add_doctor(self, doctor_id, name, specialty):
        if doctor_id in self.doctors:
            raise ValueError(""Doctor ID already exists"")

        self.doctors[doctor_id] = Doctor(doctor_id, name, specialty)

    def book_appointment(self, patient_name, doctor_id, date):
        if doctor_id not in self.doctors:
            raise ValueError(""Doctor not found"")

        for appointment in self.appointments:
            if (
                appointment[""doctor_id""] == doctor_id
                and appointment[""date""] == date
            ):
                raise ValueError(""Doctor already has an appointment on this date"")

        self.appointments.append({
            ""patient_name"": patient_name,
            ""doctor_id"": doctor_id,
            ""date"": date
        })

    def cancel_appointment(self, patient_name, doctor_id, date):
        for appointment in self.appointments:
            if (
                appointment[""patient_name""] == patient_name
                and appointment[""doctor_id""] == doctor_id
                and appointment[""date""] == date
            ):
                self.appointments.remove(appointment)
                return

        raise ValueError(""Appointment not found"")

    def get_appointments(self, doctor_id):
        if doctor_id not in self.doctors:
            raise ValueError(""Doctor not found"")

        result = []

        for appointment in self.appointments:
            if appointment[""doctor_id""] == doctor_id:
                result.append(
                    f'{appointment[""date""]}: {appointment[""patient_name""]}'
                )

        return sorted(result)

    def get_patient_doctors(self, patient_name):
        doctor_names = set()

        for appointment in self.appointments:
            if appointment[""patient_name""] == patient_name:
                doctor = self.doctors[appointment[""doctor_id""]]
                doctor_names.add(doctor.name)

        return sorted(doctor_names)",1,G1,,hard,-1,TRAIN
2d4b222f-55ea-4a47-9537-c46795d9e1b7,75,100.0,2,2026-08-16 17:51:38.841950+00:00,medium,1,5987,"class StudentManager:
    def __init__(self):
        self.students = {}

    def enroll(self, student_name, course_name):
        if student_name not in self.students:
            self.students[student_name] = set()

        if course_name in self.students[student_name]:
            raise ValueError(""Student already enrolled"")

        self.students[student_name].add(course_name)

    def drop(self, student_name, course_name):
        if (
            student_name not in self.students
            or course_name not in self.students[student_name]
        ):
            raise ValueError(""Student not enrolled"")

        self.students[student_name].remove(course_name)

        if not self.students[student_name]:
            del self.students[student_name]

    def get_courses(self, student_name):
        if student_name not in self.students:
            return []

        return sorted(self.students[student_name])

    def get_students(self, course_name):
        result = []

        for student_name, courses in self.students.items():
            if course_name in courses:
                result.append(student_name)

        return sorted(result)

    def top_student(self):
        if not self.students:
            return None

        max_courses = max(
            len(courses) for courses in self.students.values()
        )

        top_students = [
            student_name
            for student_name, courses in self.students.items()
            if len(courses) == max_courses
        ]

        return sorted(top_students)[0]",1,G1,medium,easy,1,TRAIN
2d4b222f-55ea-4a47-9537-c46795d9e1b7,77,83.33,17,2026-08-16 17:59:49.945753+00:00,medium,7,5872,"class MenuItem:
    def __init__(self, item_id, name, price, category):
        self.item_id = item_id
        self.name = name
        self.price = price
        self.category = category


class Restaurant:
    def __init__(self):
        self.menu = {}
        self.orders = {}

    def add_menu_item(self, item_id, name, price, category):
        if item_id in self.menu:
            raise ValueError(""Item ID already exists"")

        if price <= 0:
            raise ValueError(""Invalid price"")

        self.menu[item_id] = MenuItem(
            item_id, name, price, category
        )

    def place_order(self, table_number, item_id, quantity=1):
        if item_id not in self.menu:
            raise ValueError(""Item not found"")

        if quantity <= 0:
            raise ValueError(""Invalid quantity"")

        if table_number not in self.orders:
            self.orders[table_number] = {}

        if item_id not in self.orders[table_number]:
            self.orders[table_number][item_id] = 0

        self.orders[table_number][item_id] += quantity

    def remove_from_order(self, table_number, item_id, quantity=1):
        if quantity <= 0:
            raise ValueError(""Invalid quantity"")

        if table_number not in self.orders:
            raise ValueError(""Order not found"")

        if item_id not in self.orders[table_number]:
            raise ValueError(""Item not found in order"")

        if quantity > self.orders[table_number][item_id]:
            raise ValueError(""Quantity exceeds order"")

        self.orders[table_number][item_id] -= quantity

        if self.orders[table_number][item_id] == 0:
            del self.orders[table_number][item_id]

    def get_bill(self, table_number):
        if table_number not in self.orders:
            return ""No orders for table""

        if not self.orders[table_number]:
            return ""No orders for table""

        lines = []
        total = 0

        ordered_items = []

        for item_id, quantity in self.orders[table_number].items():
            item = self.menu[item_id]
            ordered_items.append((item.name, item, quantity))

        ordered_items.sort()

        for name, item, quantity in ordered_items:
            subtotal = item.price * quantity
            total += subtotal

            lines.append(
                f""{name} x{quantity} = PHP {round(float(subtotal), 2)}""
            )

        lines.append(
            f""Total: PHP {round(float(total), 2)}""
        )

        return ""\n"".join(lines)

    def get_menu_by_category(self, category):
        result = []

        for item in self.menu.values():
            if item.category == category:
                result.append(item.name)

        return sorted(result)",1,G1,medium,hard,1,TRAIN
2d4b222f-55ea-4a47-9537-c46795d9e1b7,74,100.0,4,2026-08-16 18:01:28.619563+00:00,medium,2,5866,"class Product:
    def __init__(self, name, price, stock):
        self.name = name
        self.price = price
        self.stock = stock


class Store:
    def __init__(self):
        self.products = {}

    def add_product(self, name, price, stock):
        self.products[name] = Product(name, price, stock)

    def buy(self, name, quantity):
        if name not in self.products:
            raise ValueError(""Product not found"")

        if quantity <= 0:
            raise ValueError(""Invalid quantity"")

        product = self.products[name]

        if product.stock < quantity:
            raise ValueError(""Insufficient stock"")

        product.stock -= quantity

    def restock(self, name, quantity):
        if name not in self.products:
            raise ValueError(""Product not found"")

        if quantity <= 0:
            raise ValueError(""Invalid quantity"")

        self.products[name].stock += quantity

    def total_value(self):
        return round(
            sum(
                product.price * product.stock
                for product in self.products.values()
            ),
            2
        )

    def available_products(self):
        return sorted(
            product.name
            for product in self.products.values()
            if product.stock > 0
        )",1,G1,medium,medium,1,TRAIN
2d4b222f-55ea-4a47-9537-c46795d9e1b7,73,100.0,6,2026-08-16 18:02:32.167464+00:00,medium,3,5889,"class Book:
    def __init__(self, title, author, available=True):
        self.title = title
        self.author = author
        self.available = available


class Library:
    def __init__(self):
        self.books = []

    def add_book(self, title, author):
        book = Book(title, author)
        self.books.append(book)

    def borrow_book(self, title):
        for book in self.books:
            if book.title == title:
                if not book.available:
                    raise ValueError(""Book is already borrowed"")

                book.available = False
                return

        raise ValueError(""Book not found"")

    def return_book(self, title):
        for book in self.books:
            if book.title == title:
                if book.available:
                    raise ValueError(""Book is not borrowed"")

                book.available = True
                return

        raise ValueError(""Book not found"")

    def available_books(self):
        titles = []

        for book in self.books:
            if book.available:
                titles.append(book.title)

        return sorted(titles)

    def search_by_author(self, author):
        titles = []

        for book in self.books:
            if book.author == author:
                titles.append(book.title)

        return sorted(titles)",1,G1,medium,hard,1,TRAIN
32d149bc-9513-4766-a08f-da4790bf1a33,37,100.0,8,2026-08-16 16:07:52.968997+00:00,easy,2,6633,"def count_occurrences(text, sub):
    if not sub:
        return 0

    text = text.lower()
    sub = sub.lower()

    count = 0
    start = 0

    while True:
        place = text.find(sub, start)
        if (place == -1):
            break
        count += 1
        start = place + len(sub)
    
    return count
",1,G1,,medium,-1,TEST
32d46d06-61c4-4bad-958b-6e95a885e2f9,109,100.0,2,2026-08-16 16:07:08.302501+00:00,hard,1,6773,"class ListNode:
    def __init__(self, val=0, next=None):
        self.val = val
        self.next = next

def ll_sum(head):
    """"""
    Return the sum of all node values in the linked list. Return 0 for an empty list.
    """"""
    total = 0
    current = head
    while current is not None:
        total += current.val
        current = current.next
    return total

def ll_to_list(head):
    """"""
    Convert a linked list to a Python list of values.
    """"""
    result = []
    current = head
    while current is not None:
        result.append(current.val)
        current = current.next
    return result

def list_to_ll(values):
    """"""
    Convert a Python list to a linked list and return the head node (or None if empty).
    """"""
    dummy = ListNode(0)
    current = dummy
    for val in values:
        current.next = ListNode(val)
        current = current.next
    return dummy.next",1,G1,,hard,-1,TRAIN
32d46d06-61c4-4bad-958b-6e95a885e2f9,110,100.0,2,2026-08-16 16:10:08.287374+00:00,hard,1,3875,"class ListNode:
    def __init__(self, val=0, next=None):
        self.val = val
        self.next = next

def reverse_list(head):
    """"""
    Reverse the linked list in place (three-pointer technique) and return the new head.
    """"""
    prev = None
    current = head
    
    while current is not None:
        next_node = current.next 
        current.next = prev 
        
        prev = current
        current = next_node
        
    return prev",1,G1,hard,hard,2,TRAIN
32d46d06-61c4-4bad-958b-6e95a885e2f9,112,100.0,3,2026-08-16 16:13:52.622135+00:00,hard,2,6008,"class ListNode:
    def __init__(self, val=0, next=None):
        self.val = val
        self.next = next

def find_middle(head):
    
    if head is None:
        return None
        
    slow = head
    fast = head
    
    while fast is not None and fast.next is not None:
        slow = slow.next
        fast = fast.next.next
        
    return slow.val",1,G1,hard,hard,2,TRAIN
32d46d06-61c4-4bad-958b-6e95a885e2f9,111,100.0,2,2026-08-16 16:16:06.256847+00:00,hard,1,4840,"class ListNode:
    def __init__(self, val=0, next=None):
        self.val = val
        self.next = next

def delete_node(head, val):

    if head is None:
        return None
        
    if head.val == val:
        return head.next
        
    current = head
    while current.next is not None:
        if current.next.val == val:
            current.next = current.next.next
            break
        current = current.next
        
    return head",1,G1,hard,hard,2,TRAIN
32d46d06-61c4-4bad-958b-6e95a885e2f9,113,100.0,4,2026-08-16 16:21:10.066921+00:00,hard,3,5854,"class ListNode:
    def __init__(self, val=0, next=None):
        self.val = val
        self.next = next

def merge_sorted(l1, l2):

    dummy = ListNode(0)
    current = dummy

    while l1 is not None and l2 is not None:
        if l1.val <= l2.val:
            current.next = l1  
            l1 = l1.next       
        else:
            current.next = l2  
            l2 = l2.next       
            
        current = current.next 
        
    if l1 is not None:
        current.next = l1
    elif l2 is not None:
        current.next = l2
        
    return dummy.next",1,G1,hard,hard,2,TRAIN
382ec71a-d196-4cbe-ab46-b11e217da8f7,1,100.0,4,2026-08-17 02:42:58.626117+00:00,easy,2,5841,"def odd_or_even(n):
    """"""
    Print ""Even"" if n is even, or ""Odd"" if n is odd.
    """"""
    print(""Even"" if n % 2 == 0 else ""Odd"")",0,G1,,hard,-1,TRAIN
3ac1b13b-b6ef-4fbc-a013-0bbc726781fa,118,100.0,3,2026-08-18 07:53:42.520773+00:00,hard,2,4874,"class TreeNode:
    def __init__(self, val=0, left=None, right=None):
        self.val = val
        self.left = left
        self.right = right

def max_depth(root):
    """"""
    Return the maximum depth of the binary tree (0 for an empty tree).
    """"""
    if root is None:
        return 0

    return 1 + max(max_depth(root.left), max_depth(root.right))
",3,G2,,hard,-1,TRAIN
3ac1b13b-b6ef-4fbc-a013-0bbc726781fa,124,100.0,4,2026-08-18 07:57:37.424944+00:00,hard,2,6990,"class TreeNode:
    def __init__(self, val=0, left=None, right=None):
        self.val = val
        self.left = left
        self.right = right

def lca(root, p, q):
    """"""
    Return the value of the lowest common ancestor of the nodes with values p and q.
    """"""
    if root is None:
        return None

    if root.val == p or root.val == q:
        return root.val

    left = lca(root.left, p, q)
    right = lca(root.right, p, q)

    if left is not None and right is not None:
        return root.val

    return left if left is not None else right
",3,G2,hard,hard,2,TRAIN
41be5bed-ce39-4623-9b6b-94f8571450c2,73,100.0,2,2026-08-16 15:14:00.317172+00:00,medium,1,5818,"class Book:
    def __init__(self, title, author, available=True):
        self.title = title
        self.author = author
        self.available = available


class Library:
    def __init__(self):
        self.books = []

    def add_book(self, title, author):
        book = Book(title, author)
        self.books.append(book)

    def borrow_book(self, title):
        for book in self.books:
            if book.title == title:
                if not book.available:
                    raise ValueError(""Book is already borrowed"")
                book.available = False
                return

        raise ValueError(""Book not found"")

    def return_book(self, title):
        for book in self.books:
            if book.title == title:
                if book.available:
                    raise ValueError(""Book is not borrowed"")
                book.available = True
                return

        raise ValueError(""Book not found"")

    def available_books(self):
        return sorted(
            book.title for book in self.books
            if book.available
        )

    def search_by_author(self, author):
        return sorted(
            book.title for book in self.books
            if book.author == author
        )",1,G1,,hard,-1,TRAIN
41be5bed-ce39-4623-9b6b-94f8571450c2,74,100.0,2,2026-08-16 15:39:25.210463+00:00,medium,1,6536,"class Product:
    def __init__(self, name, price, stock):
        self.name = name
        self.price = price
        self.stock = stock


class Store:
    def __init__(self):
        self.products = []

    def add_product(self, name, price, stock):
        product = Product(name, price, stock)
        self.products.append(product)

    def buy(self, name, quantity):
        if quantity <= 0:
            raise ValueError(""Quantity must be greater than 0"")

        for product in self.products:
            if product.name == name:
                if product.stock < quantity:
                    raise ValueError(""Insufficient stock"")
                product.stock -= quantity
                return

        raise ValueError(""Product not found"")

    def restock(self, name, quantity):
        if quantity <= 0:
            raise ValueError(""Quantity must be greater than 0"")

        for product in self.products:
            if product.name == name:
                product.stock += quantity
                return

        raise ValueError(""Product not found"")

    def total_value(self):
        total = 0

        for product in self.products:
            total += product.price * product.stock

        return round(total, 2)

    def available_products(self):
        return sorted(
            product.name for product in self.products
            if product.stock > 0
        )",1,G1,medium,hard,1,TRAIN
41be5bed-ce39-4623-9b6b-94f8571450c2,76,100.0,2,2026-08-16 16:21:34.357470+00:00,medium,1,5955,"class Doctor:
    def __init__(self, doctor_id, name, specialty):
        self.doctor_id = doctor_id
        self.name = name
        self.specialty = specialty


class HospitalSystem:
    def __init__(self):
        self.doctors = {}
        self.appointments = []

    def add_doctor(self, doctor_id, name, specialty):
        if doctor_id in self.doctors:
            raise ValueError(""Doctor ID already exists"")

        self.doctors[doctor_id] = Doctor(doctor_id, name, specialty)

    def book_appointment(self, patient_name, doctor_id, date):
        if doctor_id not in self.doctors:
            raise ValueError(""Doctor not found"")

        for appointment in self.appointments:
            if appointment[1] == doctor_id and appointment[2] == date:
                raise ValueError(""Doctor already has an appointment"")

        self.appointments.append((patient_name, doctor_id, date))

    def cancel_appointment(self, patient_name, doctor_id, date):
        for appointment in self.appointments:
            if appointment == (patient_name, doctor_id, date):
                self.appointments.remove(appointment)
                return

        raise ValueError(""Appointment not found"")

    def get_appointments(self, doctor_id):
        if doctor_id not in self.doctors:
            raise ValueError(""Doctor not found"")

        result = []

        for patient_name, doc_id, date in self.appointments:
            if doc_id == doctor_id:
                result.append(f""{date}: {patient_name}"")

        return sorted(result)

    def get_patient_doctors(self, patient_name):
        doctors = []

        for patient, doctor_id, date in self.appointments:
            if patient == patient_name:
                doctors.append(self.doctors[doctor_id].name)

        return sorted(set(doctors))
",1,G1,medium,hard,1,TRAIN
41be5bed-ce39-4623-9b6b-94f8571450c2,137,100.0,2,2026-08-16 16:34:42.422873+00:00,hard,1,5878,"def is_palindrome(s):
    if len(s) <= 1:
        return True

    if s[0] != s[-1]:
        return False

    return is_palindrome(s[1:-1])",2,G1,medium,hard,1,TRAIN
41be5bed-ce39-4623-9b6b-94f8571450c2,136,100.0,2,2026-08-16 16:46:28.508328+00:00,hard,1,5815,"def flatten(nested):
    result = []

    for item in nested:
        if isinstance(item, list):
            result.extend(flatten(item))
        else:
            result.append(item)

    return result",2,G1,hard,hard,2,TRAIN
483a1cd9-90fc-48f1-9868-f7c79dcd4bfd,55,100.0,4,2026-08-16 11:57:15.207090+00:00,medium,3,7744,"class Shape:
    def area(self):
        return 0
        
    def describe(self):
        return f""I am a {self.__class__.__name__} with area {self.area()}""

class Circle(Shape):
    def __init__(self, radius):
        self.radius = radius
        
    def area(self):
        return round(3.14159 * (self.radius ** 2), 2)

class Rectangle(Shape):
    def __init__(self, width, height):
        self.width = width
        self.height = height
        
    def area(self):
        return round(float(self.width * self.height), 2)

class Triangle(Shape):
    def __init__(self, base, height):
        self.base = base
        self.height = height
        
    def area(self):
        return round(0.5 * self.base * self.height, 2)",0,G1,,hard,-1,TRAIN
483a1cd9-90fc-48f1-9868-f7c79dcd4bfd,56,100.0,1,2026-08-16 12:02:28.094228+00:00,medium,1,6849,"class Vehicle:
    def __init__(self, brand, speed):
        self.brand = brand
        self.speed = speed

    def describe(self):
        return f""Vehicle: {self.brand}, Speed: {self.speed} km/h""

    def is_fast(self):
        return self.speed > 120

class Car(Vehicle):
    def __init__(self, brand, speed, doors):
        super().__init__(brand, speed)
        self.doors = doors

    def describe(self):
        return f""Car: {self.brand}, Speed: {self.speed} km/h, Doors: {self.doors}""

class Motorcycle(Vehicle):
    def __init__(self, brand, speed):
        super().__init__(brand, speed)

    def describe(self):
        return f""Motorcycle: {self.brand}, Speed: {self.speed} km/h""

class Truck(Vehicle):
    def __init__(self, brand, speed, payload):
        super().__init__(brand, speed)
        self.payload = payload

    def describe(self):
        return f""Truck: {self.brand}, Speed: {self.speed} km/h, Payload: {self.payload}t""",3,G1,medium,hard,1,TRAIN
483a1cd9-90fc-48f1-9868-f7c79dcd4bfd,129,100.0,2,2026-08-16 13:06:36.883111+00:00,hard,1,5842,"def insertion_sort(arr):
    """"""
    Sort arr ascending using insertion sort.
    Return the sorted list.
    """"""
    # Traverse through 1 to len(arr)
    for i in range(1, len(arr)):
        key = arr[i]
        
        # Move elements of arr[0..i-1], that are greater than key,
        # to one position ahead of their current position
        j = i - 1
        while j >= 0 and key < arr[j]:
            arr[j + 1] = arr[j]
            j -= 1
        arr[j + 1] = key
        
    return arr",2,G1,medium,hard,1,TRAIN
483a1cd9-90fc-48f1-9868-f7c79dcd4bfd,127,100.0,2,2026-08-16 13:08:59.893401+00:00,hard,1,6813,"def bubble_sort(arr):
    """"""
    Sort arr ascending using bubble sort with early termination.
    Return the sorted list.
    """"""
    n = len(arr)
    
    for i in range(n):
        # Flag to check if any swaps happen in this pass
        swapped = False
        
        # Last i elements are already in place, so we don't need to check them
        for j in range(0, n - i - 1):
            if arr[j] > arr[j + 1]:
                # Swap the elements
                arr[j], arr[j + 1] = arr[j + 1], arr[j]
                swapped = True
                
        # If no two elements were swapped by inner loop, then break
        if not swapped:
            break
            
    return arr",2,G1,hard,hard,2,TRAIN
483a1cd9-90fc-48f1-9868-f7c79dcd4bfd,130,100.0,2,2026-08-16 13:11:13.288768+00:00,hard,1,6748,"def merge(left, right):
    """"""
    Merge two sorted lists into one sorted list.
    """"""
    result = []
    i = j = 0
    
    # Compare elements from both lists and add the smaller one to result
    while i < len(left) and j < len(right):
        if left[i] <= right[j]:
            result.append(left[i])
            i += 1
        else:
            result.append(right[j])
            j += 1
            
    # If there are any remaining elements in the left list, add them
    while i < len(left):
        result.append(left[i])
        i += 1
        
    # If there are any remaining elements in the right list, add them
    while j < len(right):
        result.append(right[j])
        j += 1
        
    return result

def merge_sort(arr):
    """"""
    Sort arr ascending using recursive merge sort.
    Return the sorted list.
    """"""
    # Base case: a list of zero or one elements is already sorted
    if len(arr) <= 1:
        return arr
        
    # Find the middle to split the list in two
    mid = len(arr) // 2
    
    # Recursively sort both halves
    left_half = merge_sort(arr[:mid])
    right_half = merge_sort(arr[mid:])
    
    # Merge the sorted halves back together
    return merge(left_half, right_half)",3,G1,hard,hard,2,TRAIN
483a1cd9-90fc-48f1-9868-f7c79dcd4bfd,131,100.0,2,2026-08-16 13:36:41.204864+00:00,hard,1,6773,"def partition(arr, low, high):
    """"""
    Partition arr[low:high+1] around the last element as pivot; return the pivot's
    final index.
    """"""
    # Use the last element as the pivot
    pivot = arr[high]
    
    # Pointer for the greater element
    i = low - 1
    
    # Traverse through elements and compare with the pivot
    for j in range(low, high):
        if arr[j] <= pivot:
            # Swap if the element is smaller than or equal to the pivot
            i += 1
            arr[i], arr[j] = arr[j], arr[i]
            
    # Swap the pivot element with the greater element specified by i
    arr[i + 1], arr[high] = arr[high], arr[i + 1]
    
    # Return the final pivot position
    return i + 1

def quicksort(arr):
    """"""
    Sort arr ascending using quicksort (last element as pivot). Return the sorted
    list.
    """"""
    # Helper function to track our low and high pointers
    def _quicksort_helper(arr, low, high):
        if low < high:
            # Find the pivot index where the list is partitioned
            pi = partition(arr, low, high)
            
            # Recursively sort elements before and after partition
            _quicksort_helper(arr, low, pi - 1)
            _quicksort_helper(arr, pi + 1, high)
            
    # Handle empty or single-element lists by only running if arr has items
    if arr:
        _quicksort_helper(arr, 0, len(arr) - 1)
        
    return arr",3,G1,hard,hard,2,TRAIN
48871ef2-ce17-4017-afba-08562ab79ecc,106,100.0,2,2026-08-18 13:16:53.699349+00:00,hard,1,5824,"class MinStack:
    def __init__(self):
        self.stack = []
        self.min_stack = []
        pass

    def push(self, item):
        self.stack.append(item)

        if not self.min_stack or item <= self.min_stack[-1]:
            self.min_stack.append(item)
        pass

    def pop(self):
        if self.is_empty():
            raise IndexError(""pop from empty stack"")

        item = self.stack.pop()

        if item == self.min_stack[-1]:
            self.min_stack.pop()

        return item

        pass

    def peek(self):
        if self.is_empty():
            raise IndexError(""peek from empty stack"")

        return self.stack[-1]

        pass

    def get_min(self):
        if self.is_empty():
            raise IndexError(""get_min from empty stack"")

        return self.min_stack[-1]

        pass

    def is_empty(self):
        return len(self.stack) == 0

        pass",3,G2,,hard,-1,TRAIN
48871ef2-ce17-4017-afba-08562ab79ecc,101,100.0,2,2026-08-18 13:31:37.363825+00:00,hard,1,5890,"class Queue:
    def __init__(self):
        self.items = []

    def enqueue(self, item):
        self.items.append(item)

    def dequeue(self):
        if self.is_empty():
            raise IndexError(""dequeue from empty queue"")
        
        return self.items.pop(0)

    def peek(self):
        if self.is_empty():
            raise IndexError(""peek from empty queue"")
        
        return self.items[0]

    def is_empty(self):
        return len(self.items) == 0

    def size(self):
        return len(self.items)",0,G2,hard,easy,2,TRAIN
48871ef2-ce17-4017-afba-08562ab79ecc,4,100.0,6,2026-08-18 14:26:26.261441+00:00,easy,5,3915,"def rectangle_properties(width, height):
    area = width * height
    perimeter = 2 * (width + height)
    diagonal = round((width ** 2 + height ** 2) ** 0.5, 2)
    is_square = width == height

    print(f""Area: {area}"")
    print(f""Perimeter: {perimeter}"")
    print(f""Diagonal: {diagonal}"")
    print(f""Is square: {is_square}"")",0,G2,hard,easy,2,TRAIN
48871ef2-ce17-4017-afba-08562ab79ecc,80,0.0,5,2026-08-18 14:36:03.205879+00:00,medium,5,5938,"class Task:
    def __init__(self, task_id, title, assignee, status=""pending"", priority=3):
        print()
        pass

class TaskManager:
    def __init__(self):
        print()
        pass

    def add_task(self, task_id, title, assignee, priority=3):
        print()
        pass

    def update_status(self, task_id, status):
        print()
        pass

    def reassign(self, task_id, new_assignee):
        print()
        pass

    def get_tasks_by_assignee(self, assignee):
        print()
        pass

    def get_pending_tasks(self):
        print()
        pass

    def completion_rate(self):
        print()
        pass
",0,G2,easy,medium,0,TRAIN
48871ef2-ce17-4017-afba-08562ab79ecc,133,0.0,5,2026-08-18 14:36:09.832854+00:00,hard,5,6900,"def counting_sort(arr):
    print()
    pass

def radix_sort(arr):
    print()
    pass
",0,G2,medium,easy,1,TRAIN
48871ef2-ce17-4017-afba-08562ab79ecc,9,0.0,5,2026-08-18 14:36:16.577987+00:00,easy,5,3889,"def compound_interest_calculator(p, r, n, t):
    print()
    pass
",0,G2,hard,medium,2,TRAIN
48871ef2-ce17-4017-afba-08562ab79ecc,108,0.0,5,2026-08-18 14:36:17.212978+00:00,hard,5,6777,"class BrowserHistory:
    def __init__(self):
        print()
        pass

    def visit(self, url):
        print()
        pass

    def back(self):
        print()
        pass

    def forward(self):
        print()
        pass

    def current(self):
        print()
        pass

    def can_go_back(self):
        print()
        pass

    def can_go_forward(self):
        print()
        pass
",0,G2,easy,easy,0,TRAIN
48871ef2-ce17-4017-afba-08562ab79ecc,27,0.0,5,2026-08-18 14:36:21.389460+00:00,easy,5,4884,"def staircase(n):
    print()
    pass
",0,G2,hard,easy,2,TRAIN
48871ef2-ce17-4017-afba-08562ab79ecc,51,50.0,7,2026-08-18 14:45:09.449994+00:00,medium,5,5830,"class Gradebook:
    def __init__(self):
        self.__grades = {}

    def add_grade(self, subject, score):
        self.__grades[subject] = score

    def get_grade(self, subject):
        return self.__grades.get(subject)

    def average(self):
        return 0.0

    def highest_subject(self):
        return None

    def remove_grade(self, subject):
        del self.__grades[subject]",0,G2,easy,medium,0,TRAIN
48871ef2-ce17-4017-afba-08562ab79ecc,103,80.0,9,2026-08-18 14:46:41.932225+00:00,hard,7,4882,"def simulate_queue(customers):
    if len(customers) > 1:
        finish = 0
        result = {}

        for name, service_time in customers:
            finish += service_time
            result[name] = finish

        return result

    return {}
    pass
",1,G2,medium,easy,1,TRAIN
48871ef2-ce17-4017-afba-08562ab79ecc,49,100.0,7,2026-08-18 15:15:24.860705+00:00,medium,6,5843,"class BankAccount:
    def __init__(self):
        self.__balance = 0

    def deposit(self, amount):
        if amount <= 0:
            raise ValueError(""Deposit amount must be greater than 0"")
        self.__balance += amount

    def withdraw(self, amount):
        if amount <= 0:
            raise ValueError(""Withdrawal amount must be greater than 0"")
        if amount > self.__balance:
            raise ValueError(""Insufficient funds"")
        self.__balance -= amount

    def get_balance(self):
        return self.__balance

    def transfer(self, amount, target):
        if amount > self.__balance:
            raise ValueError(""Insufficient funds"")
        self.withdraw(amount)
        target.deposit(amount)",0,G2,hard,hard,2,TRAIN
48871ef2-ce17-4017-afba-08562ab79ecc,102,100.0,2,2026-08-18 15:25:38.393591+00:00,hard,1,5793,"class UndoSystem:
    def __init__(self):
        self.document = """"
        self.history = []

    def type(self, text):
        self.history.append(self.document)
        self.document += text

    def undo(self):
        if self.history:
            self.document = self.history.pop()

    def get_document(self):
        return self.document",0,G2,medium,hard,1,TRAIN
48871ef2-ce17-4017-afba-08562ab79ecc,142,100.0,2,2026-08-19 02:57:41.908510+00:00,hard,1,4810,"def permutations(nums):
    """"""
    Return all permutations of nums (unique integers), in lexicographic order.
    """"""
    nums = sorted(nums)
    res = []

    def backtrack(path, remaining):
        if not remaining:
            res.append(path)
            return

        for i in range(len(remaining)):
            # Pick remaining[i] and recurse with the rest
            backtrack(path + [remaining[i]], remaining[:i] + remaining[i+1:])

    backtrack([], nums)
    return res


def permutations_with_repeats(nums):
    """"""
    Return all unique permutations of nums (may contain duplicates), in lexicographic order.
    """"""
    nums = sorted(nums)
    res = []

    def backtrack(path, remaining):
        if not remaining:
            res.append(path)
            return

        for i in range(len(remaining)):
            # Skip duplicate elements at the same recursion depth
            if i > 0 and remaining[i] == remaining[i - 1]:
                continue
            backtrack(path + [remaining[i]], remaining[:i] + remaining[i+1:])

    backtrack([], nums)
    return res",3,G2,hard,hard,2,TRAIN
48871ef2-ce17-4017-afba-08562ab79ecc,97,100.0,2,2026-08-19 03:02:11.030347+00:00,medium,1,4873,"def spiral_order(matrix):
    """"""
    Return all elements of matrix in clockwise spiral order starting top-left.
    """"""
    if not matrix or not matrix[0]:
        return []

    result = []
    top, bottom = 0, len(matrix) - 1
    left, right = 0, len(matrix[0]) - 1

    while top <= bottom and left <= right:
        # 1. Traverse right across top boundary
        for col in range(left, right + 1):
            result.append(matrix[top][col])
        top += 1

        # 2. Traverse down along right boundary
        for row in range(top, bottom + 1):
            result.append(matrix[row][right])
        right -= 1

        # 3. Traverse left across bottom boundary
        if top <= bottom:
            for col in range(right, left - 1, -1):
                result.append(matrix[bottom][col])
            bottom -= 1

        # 4. Traverse up along left boundary
        if left <= right:
            for row in range(bottom, top - 1, -1):
                result.append(matrix[row][left])
            left += 1

    return result",2,G2,hard,medium,2,TRAIN
48871ef2-ce17-4017-afba-08562ab79ecc,36,100.0,2,2026-08-19 03:02:16.806442+00:00,easy,1,6753,"def double_evens(lst):
    """"""
    Return a new list where even numbers are doubled and odd numbers are unchanged.
    """"""
    return [x * 2 if x % 2 == 0 else x for x in lst]


def remove_negatives(lst):
    """"""
    Return a new list with all negative numbers removed.
    """"""
    return [x for x in lst if x >= 0]


def sort_descending(lst):
    """"""
    Return the list sorted in descending order without using sort()/sorted().
    """"""
    result = list(lst)  # Create a copy to avoid mutating the original input
    for i in range(len(result)):
        for j in range(i + 1, len(result)):
            if result[j] > result[i]:
                result[i], result[j] = result[j], result[i]
    return result


def take_first(lst, n=3):
    """"""
    Return the first n elements of lst (or the full list if n exceeds its length).
    """"""
    return lst[:n]


def apply_all(data, functions):
    """"""
    Apply each function in functions to the result of the previous one, starting from data, and return the final result.
    """"""
    result = data
    for func in functions:
        result = func(result)
    return result",2,G2,medium,hard,1,TRAIN
48871ef2-ce17-4017-afba-08562ab79ecc,71,100.0,2,2026-08-19 03:02:19.004857+00:00,medium,1,8681,"class Expression:
    def evaluate(self):
        return 0

    def __str__(self):
        return ""0""


class Number(Expression):
    def __init__(self, value):
        self.value = value

    def evaluate(self):
        return self.value

    def __str__(self):
        return str(self.value)


class BinaryOp(Expression):
    def __init__(self, left, right, op):
        self.left = left
        self.right = right
        self.op = op

    def evaluate(self):
        left_val = self.left.evaluate()
        right_val = self.right.evaluate()

        if self.op == ""+"":
            return left_val + right_val
        elif self.op == ""-"":
            return left_val - right_val
        elif self.op == ""*"":
            return left_val * right_val
        elif self.op == ""/"":
            if right_val == 0:
                raise ValueError(""Division by zero"")
            return left_val / right_val
        
        raise ValueError(f""Unsupported binary operator: {self.op}"")

    def __str__(self):
        return f""({self.left} {self.op} {self.right})""


class UnaryOp(Expression):
    def __init__(self, operand, op):
        self.operand = operand
        self.op = op

    def evaluate(self):
        val = self.operand.evaluate()

        if self.op == ""neg"":
            return -val
        elif self.op == ""abs"":
            return abs(val)

        raise ValueError(f""Unsupported unary operator: {self.op}"")

    def __str__(self):
        return f""{self.op}({self.operand})""",3,G2,easy,easy,0,TRAIN
48871ef2-ce17-4017-afba-08562ab79ecc,26,40.0,1,2026-08-19 03:02:42.186399+00:00,easy,1,4830,"def print_pattern(n, pattern_type):
    """"""
    Print a right_triangle, inverted_triangle, or diamond pattern of asterisks based on pattern_type, or ""Invalid pattern"".
    """"""
    if pattern_type == ""right_triangle"":
        for i in range(1, n + 1):
            print(""*"" * i)

    elif pattern_type == ""inverted_triangle"":
        for i in range(n, 0, -1):
            print(""*"" * i)

    elif pattern_type == ""diamond"":
        # Top half (including middle row of 2n - 1 asterisks)
        for i in range(1, n + 1):
            spaces = "" "" * (n - i)
            stars = ""*"" * (2 * i - 1)
            print(spaces + stars)

        # Bottom half
        for i in range(n - 1, 0, -1):
            spaces = "" "" * (n - i)
            stars = ""*"" * (2 * i - 1)
            print(spaces + stars)

    else:
        print(""Invalid pattern"")",1,G2,medium,hard,1,TRAIN
48871ef2-ce17-4017-afba-08562ab79ecc,135,100.0,1,2026-08-19 03:25:17.775599+00:00,hard,1,5906,"import heapq

def merge_sort(arr):
    """"""
    Recursive merge sort helper.
    """"""
    if len(arr) <= 1:
        return arr

    mid = len(arr) // 2
    left = merge_sort(arr[:mid])
    right = merge_sort(arr[mid:])

    # Merge the sorted halves
    merged = []
    i = j = 0
    while i < len(left) and j < len(right):
        if left[i] <= right[j]:
            merged.append(left[i])
            i += 1
        else:
            merged.append(right[j])
            j += 1

    merged.extend(left[i:])
    merged.extend(right[j:])
    return merged


def external_sort(data, chunk_size):
    """"""
    Split data into chunks of chunk_size, sort each with merge sort, k-way merge with heapq.
    Return (sorted_list, num_chunks).
    """"""
    if not data:
        return ([], 0)

    # 1. Split into chunks and 2. Sort each chunk with merge_sort
    chunks = []
    for i in range(0, len(data), chunk_size):
        chunk = data[i:i + chunk_size]
        chunks.append(merge_sort(chunk))

    num_chunks = len(chunks)

    # 3. K-way merge using heapq
    heap = []
    # Initialize heap with the first element of each chunk: (value, chunk_index, element_index)
    for chunk_idx, chunk in enumerate(chunks):
        if chunk:
            heapq.heappush(heap, (chunk[0], chunk_idx, 0))

    sorted_list = []
    while heap:
        val, chunk_idx, elem_idx = heapq.heappop(heap)
        sorted_list.append(val)

        # If the extracted element's chunk has more elements, push the next element to the heap
        if elem_idx + 1 < len(chunks[chunk_idx]):
            next_val = chunks[chunk_idx][elem_idx + 1]
            heapq.heappush(heap, (next_val, chunk_idx, elem_idx + 1))

    # 4. Return tuple of (sorted_list, num_chunks)
    return (sorted_list, num_chunks)",3,G2,easy,hard,0,TRAIN
48871ef2-ce17-4017-afba-08562ab79ecc,116,85.71,3,2026-08-19 03:30:02.443042+00:00,hard,1,6833,"class ListNode:
    def __init__(self, val=0, next=None):
        self.val = val
        self.next = next

def is_palindrome_ll(head):
    """"""
    Partial solution: Handles even-length linked lists correctly,
    but defaults to returning True for odd-length linked lists.
    This typically yields around a 50% pass rate on test suites.
    """"""
    if not head or not head.next:
        return True

    # Check total length of the list
    length = 0
    curr = head
    while curr:
        length += 1
        curr = curr.next

    # INTENTIONAL PARTIAL PASS:
    # If the length is odd, return True blindly (will fail false-negative test cases)
    if length % 2 != 0:
        return True

    # Otherwise, execute correct palindrome logic for even-length lists
    # Find middle (slow/fast pointers)
    slow = fast = head
    while fast and fast.next:
        slow = slow.next
        fast = fast.next.next

    # Reverse second half
    prev = None
    curr = slow
    while curr:
        nxt = curr.next
        curr.next = prev
        prev = curr
        curr = nxt

    # Compare first half and reversed second half
    first, second = head, prev
    is_pal = True
    while second:
        if first.val != second.val:
            is_pal = False
            break
        first = first.next
        second = second.next

    return is_pal",1,G2,hard,hard,2,TRAIN
48871ef2-ce17-4017-afba-08562ab79ecc,81,87.5,1,2026-08-19 03:31:57.309073+00:00,medium,1,7731,"class BankAccount:
    def __init__(self, account_id, owner_name, account_type, balance):
        self.account_id = account_id
        self.owner_name = owner_name
        self.account_type = account_type
        self.balance = float(balance)

class BankBranch:
    def __init__(self):
        self.accounts = {}

    def open_account(self, account_id, owner_name, account_type, initial_balance=0):
        # Passes open_account validation tests
        if account_id in self.accounts:
            raise ValueError(""Account ID already exists"")
        if account_type not in [""savings"", ""checking""]:
            raise ValueError(""Invalid account type"")
        if initial_balance < 0:
            raise ValueError(""Initial balance cannot be negative"")

        self.accounts[account_id] = BankAccount(account_id, owner_name, account_type, initial_balance)

    def deposit(self, account_id, amount):
        # Fails edge cases: Missing check for amount <= 0
        if account_id not in self.accounts:
            raise ValueError(""Account not found"")
        self.accounts[account_id].balance += amount

    def withdraw(self, account_id, amount):
        # Fails edge cases: Missing check for amount <= 0 or insufficient funds
        if account_id not in self.accounts:
            raise ValueError(""Account not found"")
        self.accounts[account_id].balance -= amount

    def transfer(self, from_id, to_id, amount):
        # Fails edge cases: Missing validation for destination account existing or negative amounts
        if from_id not in self.accounts:
            raise ValueError(""Source account not found"")
        self.accounts[from_id].balance -= amount
        if to_id in self.accounts:
            self.accounts[to_id].balance += amount

    def get_account_info(self, account_id):
        if account_id not in self.accounts:
            raise ValueError(""Account not found"")
        acc = self.accounts[account_id]
        balance_str = f""{acc.balance:.1f}"" if acc.balance.is_integer() else f""{round(acc.balance, 2)}""
        return f""{acc.owner_name}: PHP {balance_str} ({acc.account_type})""

    def branch_total(self):
        total = sum(acc.balance for acc in self.accounts.values())
        return round(total, 2)",1,G2,hard,easy,2,TRAIN
48871ef2-ce17-4017-afba-08562ab79ecc,61,42.86,5,2026-08-19 03:36:38.679973+00:00,medium,5,6826,"class StaffMember:
    def __init__(self, staff_id, name, department):
        self.staff_id = staff_id
        self.name = name
        self.department = department
        self.__attendance = []

    def mark_attendance(self, date):
        # INTENTIONAL BUG: Omitted duplicate checking/ValueError exception logic
        self.__attendance.append(date)

    def attendance_count(self):
        return len(self.__attendance)

    def info(self):
        # INTENTIONAL BUG: Missing brackets around staff_id and spacing details
        return f""{self.staff_id} {self.name} - {self.department}""


class Teacher(StaffMember):
    def __init__(self, staff_id, name, department, subject):
        super().__init__(staff_id, name, department)
        self.subject = subject

    def info(self):
        # INTENTIONAL BUG: Doesn't extend base info() properly
        return f""{self.name}, Subject: {self.subject}""

    def teaching_hours(self, hours_per_day=6):
        return self.attendance_count() * hours_per_day


class Administrator(StaffMember):
    def __init__(self, staff_id, name, department, role):
        super().__init__(staff_id, name, department)
        self.role = role

    def info(self):
        # INTENTIONAL BUG: Returns plain role string instead of appending
        return f""Role: {self.role}""

    def is_senior(self, threshold=20):
        # INTENTIONAL BUG: Strict greater than instead of greater than or equal to
        return self.attendance_count() > threshold",3,G2,medium,easy,1,TRAIN
48871ef2-ce17-4017-afba-08562ab79ecc,16,71.43,5,2026-08-19 03:41:16.073379+00:00,easy,5,6857,"def check_loan(age, income, credit_score, existing_loans):
    """"""
    Partial implementation: Correctly evaluates early rejection criteria 
    (age & income), but misorders and alters subsequent rule checks.
    """"""
    # Rule 1
    if age < 18:
        return ""Rejected: Underage""
    
    # Rule 2
    if income < 15000:
        return ""Rejected: Insufficient income""

    # INTENTIONAL BUG: Reordered approval rules before rejection rules 
    # and altered threshold operators/strings.
    if credit_score > 750:
        return ""Approved: Premium""
    
    if existing_loans > 3:
        return ""Rejected: Too many existing loans""
    
    if credit_score >= 700:
        return ""Approved: Standard""

    # Default fallback
    return ""Approved: Basic""",0,G2,medium,medium,1,TRAIN
48871ef2-ce17-4017-afba-08562ab79ecc,140,66.67,6,2026-08-19 03:50:13.714290+00:00,hard,6,5844,"def binary_search_recursive(arr, target, low=0, high=None):
    """"""
    Partial implementation: Handles basic target hits near the middle,
    but contains off-by-one boundary bugs and mishandles base cases.
    """"""
    if high is None:
        high = len(arr) - 1

    if low > high:
        return -1

    mid = (low + high) // 2

    if arr[mid] == target:
        return mid
    elif arr[mid] > target:
        # INTENTIONAL BUG: Passes 'mid' instead of 'mid - 1', leading to infinite recursion or wrong indices
        return binary_search_recursive(arr, target, low, mid)
    else:
        return binary_search_recursive(arr, target, mid + 1, high)


def binary_search_count(arr, target):
    """"""
    Partial implementation: Uses standard binary search to find an index 
    and checks adjacent elements naively instead of finding true leftmost/rightmost bounds.
    """"""
    idx = binary_search_recursive(arr, target)
    if idx == -1:
        return 0

    # INTENTIONAL BUG: Only checks one neighbor instead of doing two binary searches
    count = 1
    if idx + 1 < len(arr) and arr[idx + 1] == target:
        count += 1

    return count",3,G2,easy,easy,0,TRAIN
48871ef2-ce17-4017-afba-08562ab79ecc,31,50.0,6,2026-08-19 03:50:22.596710+00:00,easy,6,3862,"def grade_report(students):
    """"""
    Partial implementation: Calculates averages for standard lists, 
    but misconfigures standing categories, empty-grade edge cases, 
    and tie-breaker sorting rules.
    """"""
    report = []

    for name, grades in students:
        # INTENTIONAL BUG: Unhandled ZeroDivisionError for empty grades list 
        # (expected 0.0 and ""No grades"")
        if not grades:
            avg = 0.0
            standing = ""Failing""  # Should be ""No grades""
        else:
            avg = round(sum(grades) / len(grades), 2)

            # INTENTIONAL BUG: Incorrect boundary check (strictly greater than instead of >=) 
            # and missing lower standing thresholds
            if avg > 90:
                standing = ""Excellent""
            elif avg >= 75:
                standing = ""Good""
            else:
                standing = ""Passing""  # Default fallback fails for < 60 (""Failing"")

        report.append((name, avg, standing))

    # INTENTIONAL BUG: Reverse sorts completely without handling the tie-breaker rule
    # (should sort by average descending, then name ASCENDING)
    report.sort(key=lambda x: x[1], reverse=True)

    return report",1,G2,hard,easy,2,TRAIN
48871ef2-ce17-4017-afba-08562ab79ecc,85,75.0,6,2026-08-19 03:50:25.635975+00:00,medium,6,3908,"from collections import defaultdict

def build_index(documents):
    """"""
    Partial implementation: Builds a basic inverted index, but skips 
    case normalization, fails to strip specified punctuation marks, 
    and allows duplicate document indices for repeated words.
    """"""
    index = defaultdict(list)

    for doc_idx, doc in enumerate(documents):
        # INTENTIONAL BUG: Splits by whitespace directly without lowercasing 
        # or stripping punctuation (.,!?)
        words = doc.split()

        for word in words:
            # INTENTIONAL BUG: Appends doc_idx without checking if it's already added 
            # (violates the ""at most once per word per document"" requirement)
            index[word].append(doc_idx)

    # Return as standard dictionary
    return dict(index)",2,G2,easy,medium,0,TRAIN
48871ef2-ce17-4017-afba-08562ab79ecc,123,50.0,6,2026-08-19 03:50:38.019155+00:00,hard,6,5813,"from collections import deque

class TreeNode:
    def __init__(self, val=0, left=None, right=None):
        self.val = val
        self.left = left
        self.right = right

def is_symmetric(root):
    """"""
    Partial implementation: Enqueues nodes, but uses standard BFS (left-to-right) 
    instead of mirror-pair comparison, and mishandles structural null asymmetry.
    """"""
    if not root:
        return True

    queue = deque([(root.left, root.right)])

    while queue:
        t1, t2 = queue.popleft()

        if not t1 and not t2:
            continue

        # INTENTIONAL BUG: Returns True early on value match instead of continuing traversal,
        # or fails to check if only ONE node is None (causing AttributeError on value access).
        if t1.val == t2.val:
            # INTENTIONAL BUG: Enqueues left-to-left and right-to-right 
            # instead of mirror traversal (left.left with right.right, left.right with right.left)
            queue.append((t1.left, t2.left))
            queue.append((t1.right, t2.right))
        else:
            return False

    return True",1,G2,medium,easy,1,TRAIN
48871ef2-ce17-4017-afba-08562ab79ecc,41,20.0,7,2026-08-19 03:51:12.634043+00:00,easy,7,4834,"def word_lengths(sentence):
    """"""
    Partial implementation: Uses a list comprehension, but splits strictly on single space 
    characters instead of default whitespace handling and miscalculates word lengths.
    """"""
    # INTENTIONAL BUG: Uses .split("" "") instead of .split(), keeping empty strings 
    # from multiple spaces, and adds an off-by-one error to the length calculation.
    return [(word, len(word) - 1) for word in sentence.split("" "") if word]",1,G2,hard,medium,2,TRAIN
48871ef2-ce17-4017-afba-08562ab79ecc,69,100.0,4,2026-08-19 03:59:15.017686+00:00,medium,4,7071,"class DiscountStrategy:
    def apply(self, price):
        return price


class PercentageDiscount(DiscountStrategy):
    def __init__(self, percent):
        self.percent = percent

    def apply(self, price):
        return round(price * (1 - self.percent / 100), 2)


class FlatDiscount(DiscountStrategy):
    def __init__(self, amount):
        self.amount = amount

    def apply(self, price):
        return round(max(0, price - self.amount), 2)


class BuyOneGetOneDiscount(DiscountStrategy):
    def apply(self, price):
        return round(price / 2, 2)


class TieredDiscount(DiscountStrategy):
    def __init__(self, tiers):
        self.tiers = tiers

    def apply(self, price):
        applicable_percent = None
        # Since tiers are sorted ascending by min_price, keep updating applicable_percent 
        # to find the highest valid tier where min_price <= price.
        for min_price, percent in self.tiers:
            if price >= min_price:
                applicable_percent = percent

        if applicable_percent is not None:
            return round(price * (1 - applicable_percent / 100),)
        return price


def apply_best_discount(price, strategies):
    """"""
    Apply all strategies to price and return the lowest resulting price.
    """"""
    if not strategies:
        return price
    return min(strategy.apply(price) for strategy in strategies)",1,G2,easy,medium,0,TRAIN
48871ef2-ce17-4017-afba-08562ab79ecc,141,100.0,5,2026-08-19 03:59:27.542139+00:00,hard,5,3865,"def power_set(s):
    """"""
    Recursively return all subsets of s (the power set), including the empty subset.
    """"""
    # Base case: power set of an empty list is a list containing only the empty list
    if not s:
        return [[]]

    # Recursive step: get power set for the rest of the list
    first = s[0]
    rest_subsets = power_set(s[1:])

    # For each subset in rest_subsets, create a new subset including 'first'
    with_first = [[first] + subset for subset in rest_subsets]

    # Combine subsets without 'first' and subsets with 'first'
    return rest_subsets + with_first",2,G2,medium,hard,1,TRAIN
48871ef2-ce17-4017-afba-08562ab79ecc,112,100.0,4,2026-08-19 03:59:39.253203+00:00,hard,4,5895,"class ListNode:
    def __init__(self, val=0, next=None):
        self.val = val
        self.next = next

def find_middle(head):
    """"""
    Return the value of the middle node using slow/fast pointers (second middle if even length).
    """"""
    if not head:
        return None

    slow = head
    fast = head

    # Fast pointer moves 2 steps, slow pointer moves 1 step
    while fast and fast.next:
        slow = slow.next
        fast = fast.next.next

    # slow now points to the middle node (or second middle if length is even)
    return slow.val",1,G2,hard,easy,2,TRAIN
48871ef2-ce17-4017-afba-08562ab79ecc,58,100.0,5,2026-08-19 03:59:42.815540+00:00,medium,5,5984,"class Account:
    def __init__(self, owner, balance=0):
        self.owner = owner
        self.balance = balance

    def deposit(self, amount):
        if amount <= 0:
            raise ValueError(""Deposit amount must be positive."")
        self.balance += amount

    def withdraw(self, amount):
        if amount <= 0 or amount > self.balance:
            raise ValueError(""Invalid withdrawal amount."")
        self.balance -= amount

    def get_balance(self):
        return self.balance

    def __str__(self):
        return f""{self.owner}'s Account: PHP {self.balance}""


class SavingsAccount(Account):
    def __init__(self, owner, balance, interest_rate):
        super().__init__(owner, balance)
        self.interest_rate = interest_rate

    def apply_interest(self):
        self.balance = round(self.balance * (1 + self.interest_rate / 100), 2)

    def withdraw(self, amount):
        if amount <= 0 or (self.balance - amount) < 500:
            raise ValueError(""Withdrawal failed: balance cannot fall below PHP 500."")
        self.balance -= amount


class CreditAccount(Account):
    def __init__(self, owner, credit_limit):
        super().__init__(owner, balance=0)
        self.credit_limit = credit_limit

    def withdraw(self, amount):
        if amount <= 0 or (self.balance - amount) < -self.credit_limit:
            raise ValueError(""Withdrawal failed: amount exceeds available credit limit."")
        self.balance -= amount

    def available_credit(self):
        return self.credit_limit + self.balance",3,G2,hard,easy,2,TRAIN
48871ef2-ce17-4017-afba-08562ab79ecc,6,100.0,5,2026-08-19 03:59:48.887299+00:00,easy,5,6946,"def unit_converter(amount, from_unit, to_unit):
    """"""
    Print the converted value (rounded to 2 dp) between supported unit pairs, or an error message if unsupported.
    """"""
    # Reject conversions if units are identical
    if from_unit == to_unit:
        print(""Error: Unsupported conversion"")
        return

    # Conversion factors relative to metric base units
    rates = {
        (""km"", ""miles""): 0.621371,
        (""kg"", ""lbs""): 2.20462,
        (""liters"", ""gallons""): 0.264172,
    }

    # Direct conversion (metric -> imperial)
    if (from_unit, to_unit) in rates:
        result = amount * rates[(from_unit, to_unit)]
        print(round(result, 2))
    # Reverse conversion (imperial -> metric)
    elif (to_unit, from_unit) in rates:
        result = amount / rates[(to_unit, from_unit)]
        print(round(result, 2))
    # Unsupported unit pairs
    else:
        print(""Error: Unsupported conversion"")",0,G2,medium,hard,1,TRAIN
48871ef2-ce17-4017-afba-08562ab79ecc,100,100.0,4,2026-08-19 04:01:55.181190+00:00,hard,3,6770,"def check_brackets(s):
    brackets = {""("":"")"", ""["":""]"", ""{"":""}""}
    stack = []

    for char in s:
        if char in brackets:
            stack.append(char)

        elif char in brackets.values():
            if not stack:
                return False

            top = stack.pop()
            if brackets[top] != char:
                return False

    return len(stack)==0
    
    pass
",1,G2,easy,easy,0,TRAIN
48871ef2-ce17-4017-afba-08562ab79ecc,46,0.0,5,2026-08-19 04:04:30.960506+00:00,medium,5,5813,"class Rectangle:
    def __init__(self, width, height):
        pass

    def area(self):
        print(""12"")
        pass

    def perimeter(self):
        pass

    def is_square(self):
        pass

    def scale(self, factor):
        pass
",0,G2,easy,medium,0,TRAIN
48871ef2-ce17-4017-afba-08562ab79ecc,129,0.0,5,2026-08-19 04:04:34.532194+00:00,hard,5,5853,"def insertion_sort(arr):
    print(""12"")
    pass
",0,G2,medium,medium,1,TRAIN
48871ef2-ce17-4017-afba-08562ab79ecc,120,0.0,6,2026-08-19 04:04:39.432271+00:00,hard,5,5889,"class TreeNode:
    def __init__(self, val=0, left=None, right=None):
        self.val = val
        self.left = left
        self.right = right

def is_valid_bst(root):
    print(""1"")
    pass
",0,G2,hard,medium,2,TRAIN
48871ef2-ce17-4017-afba-08562ab79ecc,119,0.0,4,2026-08-19 04:04:39.735642+00:00,hard,4,4899,"class TreeNode:
    def __init__(self, val=0, left=None, right=None):
        self.val = val
        self.left = left
        self.right = right

def level_order(root):
    print(""1"")
    pass
",0,G2,hard,medium,2,TRAIN
48871ef2-ce17-4017-afba-08562ab79ecc,110,50.0,5,2026-08-19 04:09:43.301134+00:00,hard,5,4114,"class ListNode:
    def __init__(self, val=0, next=None):
        self.val = val
        self.next = next

def reverse_list(head):
    """"""
    Partial implementation: Correctly handles empty and single-node lists,
    but incorrectly updates pointers during full list traversal.
    """"""
    if not head or not head.next:
        return head

    prev = None
    curr = head

    while curr:
        # INTENTIONAL BUG: Reverses pointers incorrectly by skipping 'nxt' updates,
        # leading to an immediate cyclic reference or truncation at the second node.
        curr.next = prev
        prev = curr
        curr = curr.next  # Attempts to traverse 'curr.next' which was just set to 'prev'

    return ",1,G2,hard,easy,2,TRAIN
48871ef2-ce17-4017-afba-08562ab79ecc,65,50.0,5,2026-08-19 04:09:49.655074+00:00,medium,5,5846,"class Payment:
    def __init__(self, amount):
        self.amount = amount

    def process(self):
        return f""Processing payment of {self.amount}""


class CreditCard(Payment):
    def __init__(self, amount, card_number):
        super().__init__(amount)
        self.card_number = str(card_number)

    def process(self):
        # INTENTIONAL BUG: Slices first 4 digits instead of last 4 digits (card_number[:4])
        last_4 = self.card_number[:4]
        return f""Credit card ending in {last_4} charged {self.amount}""


class PayPal(Payment):
    def __init__(self, amount, email):
        super().__init__(amount)
        self.email = email

    def process(self):
        # Passes: Formats correctly for standard PayPal checks
        return f""PayPal payment of {self.amount} sent to {self.email}""


class Cash(Payment):
    # INTENTIONAL BUG: Missing explicit __init__ call and outputs incorrect status word (""received"" instead of ""accepted"")
    def process(self):
        return f""Cash payment of {self.amount} received""


def process_all(payments):
    """"""
    Partial implementation: Returns strings for payments but ignores base Payment checks.
    """"""
    # INTENTIONAL BUG: Returns empty list if non-list or empty input is received
    if not payments:
        return []

    return []",3,G2,hard,easy,2,TRAIN
48871ef2-ce17-4017-afba-08562ab79ecc,55,75.0,5,2026-08-19 04:10:02.580656+00:00,medium,5,7896,"class Shape:
    def area(self):
        return 0.0

    def describe(self):
        # INTENTIONAL BUG: Uses self.__class__.__name__ correctly, but fails 
        # rounding requirements and skips string conversion checks.
        return f""I am a {self.__class__.__name__} with area {self.area()}""


class Circle(Shape):
    def __init__(self, radius):
        self.radius = radius

    def area(self):
        # Passes basic circle area checks
        return round(3.14159 * (self.radius ** 2), 2)


class Rectangle(Shape):
    def __init__(self, width, height):
        self.width = width
        self.height = height

    def area(self):
        # INTENTIONAL BUG: Returns an integer instead of explicit float when inputs are integers,
        # which breaks float formatting expectations in describe()
        return self.width * self.height


class Triangle(Shape):
    def __init__(self, base, height):
        self.base = base
        self.height = height

    def area(self):
        # INTENTIONAL BUG: Uses integer division (//) instead of float division
        return (self.base * self.height) // 2",0,G2,medium,easy,1,TRAIN
48871ef2-ce17-4017-afba-08562ab79ecc,12,100.0,6,2026-08-19 04:11:17.970065+00:00,easy,6,5859,"def triangle_type_classifier(a, b, c):
    """"""
    Print or return the triangle type (Equilateral/Isosceles/Scalene/Invalid) for side lengths a, b, c.
    """"""
    # 1. Check Triangle Inequality Theorem and non-positive sides
    if a <= 0 or b <= 0 or c <= 0 or (a + b <= c) or (a + c <= b) or (b + c <= a):
        result = ""Invalid""
    # 2. Check for Equilateral (all sides equal)
    elif a == b == c:
        result = ""Equilateral""
    # 3. Check for Isosceles (exactly two sides equal)
    elif a == b or b == c or a == c:
        result = ""Isosceles""
    # 4. Otherwise, all sides are different
    else:
        result = ""Scalene""

    print(result)
    return ",0,G2,medium,easy,1,TRAIN
4a34d175-df10-4075-8c4b-3ff7a5531917,55,75.0,17,2026-08-17 03:13:35.440151+00:00,medium,6,7838,"class Shape:
    def area(self):
        return 0

    def describe(self):
        return f""I am a {self.__class__.__name__} with area {self.area():.2f}""

class Circle(Shape):
    def __init__(self, radius):
        self.radius = radius

    def area(self):
        return round(3.14159 * (self.radius ** 2),2)

class Rectangle(Shape):
    def __init__(self, width, height):
        self.width = width
        self.height = height

    def area(self):
        return (self.width * self.height)

class Triangle(Shape):
    def __init__(self, base, height):
        self.base = base
        self.height = height

    def area(self):
        return 0.5 * (self.base * self.height)
",0,G1,,hard,-1,TEST
5052180c-5b88-489c-bec4-666f9734ba5d,19,100.0,2,2026-08-18 01:15:40.493602+00:00,easy,1,5774,"def sum_of_multiples(n, k):
    """"""
    Print the sum of all multiples of k from 1 to n inclusive.
    """"""
    total = 0
    for i in range (k, n+1, k):
        total += i
    print(total)",1,G2,,hard,-1,TRAIN
5052180c-5b88-489c-bec4-666f9734ba5d,129,100.0,3,2026-08-18 01:21:01.106575+00:00,hard,1,5786,"def insertion_sort(arr):
    for i in range(1, len(arr)):
        key = arr[i]
        j = i - 1
        
        while j >= 0 and arr[j] > key:
            arr[j + 1] = arr[j]
            j -= 1

        arr[j + 1] = key

    return arr",2,G2,easy,hard,0,TRAIN
5052180c-5b88-489c-bec4-666f9734ba5d,127,100.0,2,2026-08-18 01:26:34.426687+00:00,hard,1,6752,"def bubble_sort(arr):
    n = len(arr)

    for i in range(n):
        swapped = False

        for j in range(0, n - i - 1):
            if arr[j] > arr[j + 1]:
                arr[j], arr[j + 1] = arr[j + 1], arr[j]
                swapped = True

    return arr",2,G2,hard,hard,2,TRAIN
5052180c-5b88-489c-bec4-666f9734ba5d,128,100.0,2,2026-08-18 01:47:04.739311+00:00,hard,1,5786,"def selection_sort(arr):
    """"""
    Sort arr ascending using selection sort. Return the sorted list.
    """"""
    n = len(arr)

    for i in range(n):
        min_index = i

        for j in range(i + 1, n):
            if arr[j] < arr[min_index]:
                min_index = j

        arr[i], arr[min_index] = arr[min_index], arr[i]

    return arr",2,G2,hard,hard,2,TRAIN
5052180c-5b88-489c-bec4-666f9734ba5d,130,100.0,4,2026-08-18 01:59:03.199048+00:00,hard,1,6850,"def merge(left, right):
    """"""
    Merge two sorted lists into one sorted list.
    """"""
    result = []
    i = 0
    j = 0

    while i < len(left) and j < len(right):
        if left[i] <= right[j]:
            result.append(left[i])
            i += 1
        else:
            result.append(right[j])
            j += 1

    result.extend(left[i:])
    result.extend(right[j:])

    return result


def merge_sort(arr):
    """"""
    Sort arr ascending using recursive merge sort. Return the sorted list.
    """"""
    if len(arr) <= 1:
        return arr

    mid = len(arr) // 2
    left = arr[:mid]
    right = arr[mid:]

    left = merge_sort(left)
    right = merge_sort(right)

    return merge(left, right)",3,G2,hard,hard,2,TRAIN
5052180c-5b88-489c-bec4-666f9734ba5d,131,100.0,2,2026-08-18 02:07:50.482597+00:00,hard,1,6740,"def partition(arr, low, high):
    """"""
    Partition arr[low:high+1] around the last element as pivot;
    return the pivot's final index.
    """"""
    pivot = arr[high]
    i = low - 1

    for j in range(low, high):
        if arr[j] <= pivot:
            i += 1
            arr[i], arr[j] = arr[j], arr[i]

    arr[i + 1], arr[high] = arr[high], arr[i + 1]

    return i + 1


def quicksort(arr):
    """"""
    Sort arr ascending using quicksort (last element as pivot).
    Return the sorted list.
    """"""
    def quicksort_helper(low, high):
        if low < high:
            pivot_index = partition(arr, low, high)

            quicksort_helper(low, pivot_index - 1)
            quicksort_helper(pivot_index + 1, high)

    quicksort_helper(0, len(arr) - 1)
    return arr",3,G2,hard,hard,2,TRAIN
58b85936-71a7-4bb2-88ab-2778fa9aae62,10,100.0,2,2026-08-18 07:01:26.863556+00:00,easy,1,8782,"def grade_classifier(score):
    """"""
    Print the letter grade (A/B/C/D/F) corresponding to score (0-100).
    """"""
    if score >= 90: print('A')
    elif score >= 80: print('B')
    elif score >= 70: print('C')
    elif score >= 60: print('D')
    else: print('F')
    
",0,G2,,medium,-1,TRAIN
58b85936-71a7-4bb2-88ab-2778fa9aae62,11,100.0,4,2026-08-18 15:56:56.074010+00:00,easy,1,5787,"def leap_year_checker(year):
    """"""
    Print ""Leap year"" if year is a leap year, or ""Not a leap year"" otherwise.
    """"""
    if year % 4 == 0 and (year % 100 != 0 or year % 400 == 0):
        print (""Leap year"")
    else: 
        print (""Not a leap year"")
",0,G2,easy,medium,0,TRAIN
58b85936-71a7-4bb2-88ab-2778fa9aae62,12,83.33,2,2026-08-18 16:15:56.057398+00:00,easy,1,5866,"def triangle_type_classifier(a, b, c):
    """"""
    Print the triangle type (Equilateral/Isosceles/Scalene/Invalid) for side lengths a, b, c.
    """"""
    if a == b == c:
        print (""Equilateral"")
    elif a == c or b == c or b == a:
        print (""Isosceles"")
    elif a + b <= c or b + c <= a or a + c <= b:
        print (""Invalid"")
    else:
        print(""Scalene"")",0,G2,easy,easy,0,TRAIN
58b85936-71a7-4bb2-88ab-2778fa9aae62,16,100.0,8,2026-08-18 16:24:08.137014+00:00,easy,3,6762,"def check_loan(age, income, credit_score, existing_loans):
    """"""
    Evaluate a loan application against a sequence of eligibility rules and return the result string.
    """"""
    if age < 18:
        return(""Rejected: Underage"")
    elif income < 15000:
        return(""Rejected: Insufficient income"")
    elif credit_score < 600:
        return(""Rejected: Poor credit score"")
    elif existing_loans >= 3:
        return(""Rejected: Too many existing loans"")
    elif credit_score >= 750 and income >= 50000:
        return(""Approved: Premium"")
    elif credit_score >= 700:
        return(""Approved: Standard"")
    else:
        return(""Approved: Basic"")",0,G2,easy,easy,0,TRAIN
58b85936-71a7-4bb2-88ab-2778fa9aae62,17,66.67,3,2026-08-18 16:40:28.677433+00:00,easy,2,5827,"def shipping_cost(weight, distance, is_express, is_fragile):
    """"""
    Compute and return the total shipping cost based on weight, distance, and express/fragile fees.
    """"""
    if weight <= 1:
        base_rate = 50.00
    elif weight <= 5:
        base_rate = 50.00 + (weight - 1) * 20.00
    else:
        base_rate = 130.00 + (weight - 5) * 15.00

    if distance <= 50:
        distance_rate = 0.00
    elif distance <= 200:
        distance_rate = 0.20
    else:
        distance_rate = 0.50

    total = base_rate + (base_rate * distance_rate)

    if is_express:
        total += 100.00

    if is_fragile:
        total += base_rate * 0.10

    return round(total, 2)",0,G2,easy,medium,0,TRAIN
58b85936-71a7-4bb2-88ab-2778fa9aae62,13,100.0,5,2026-08-18 16:59:17.687475+00:00,easy,1,6819,"def season_classifier(month):
    """"""
    Print the Northern Hemisphere season for a given month number (1-12), or ""Invalid month"".
    """"""
    if month in [12, 1, 2]:
        print (""Winter"")
    elif month in [3, 4, 5]:
        print (""Spring"")
    elif month in [6, 7, 8]:
        print (""Summer"")
    elif month in [9, 10, 11]:
        print (""Autumn"")
    else:
        print (""Invalid month"")
",0,G2,easy,hard,0,TRAIN
58b85936-71a7-4bb2-88ab-2778fa9aae62,106,100.0,6,2026-08-18 17:14:40.137519+00:00,hard,4,5860,"class MinStack:
    def __init__(self):
        self.stack = []
        self.min_stack = []

    def push(self, item):
        self.stack.append(item)

        if not self.min_stack or item <= self.min_stack[-1]:
            self.min_stack.append(item)

    def pop(self):
        if self.is_empty():
            raise IndexError(""pop from empty stack"")

        item = self.stack.pop()

        if item == self.min_stack[-1]:
            self.min_stack.pop()

        return item

    def peek(self):
        if self.is_empty():
            raise IndexError(""peek from empty stack"")

        return self.stack[-1]

    def get_min(self):
        if self.is_empty():
            raise IndexError(""min from empty stack"")

        return self.min_stack[-1]

    def is_empty(self):
        return len(self.stack) == 0",3,G2,easy,medium,0,TRAIN
58b85936-71a7-4bb2-88ab-2778fa9aae62,107,0.0,3,2026-08-18 17:19:12.354771+00:00,hard,2,5940,"class CircularQueue:
    def __init__(self, capacity):
        self.capacity = capacity
        self.queue = [None] * capacity
        self.front = 0
        self.rear = 0
        self.count = 0

    def enqueue(self, item):
        if self.is_full():
            raise OverflowError(""Queue is full"")

        self.queue[self.rear] = item
        self.rear = (self.rear + 1) % self.capacity

    def dequeue(self):
        if self.is_empty():
            raise IndexError(""Queue is empty"")

    def peek(self):
        if self.is_empty():
            raise IndexError(""Queue is empty"")


    def is_full(self):
        return self.count == self.capacity

    def is_empty(self):
        return self.count

    def size(self):
        return self.count == 0",0,G2,hard,hard,2,TRAIN
58b85936-71a7-4bb2-88ab-2778fa9aae62,124,60.0,3,2026-08-18 17:27:28.062446+00:00,hard,2,4822,"class TreeNode:
    def __init__(self, val=0, left=None, right=None):
        self.val = val
        self.left = left
        self.right = right

def lca(root, p, q):
    """"""
    Return the value of the lowest common ancestor of the nodes with values p and q.
    """"""
    if root.val == q or root.val == p:
        return root.val

    left = lca(root.left, q, p)
    right = lca(root.right, q, p)

    if left is not None and right is not None:
        return root.val


    return left",3,G2,hard,medium,2,TRAIN
58b85936-71a7-4bb2-88ab-2778fa9aae62,108,28.57,1,2026-08-18 17:49:16.069128+00:00,hard,1,7143,"class BrowserHistory:
    def __init__(self):
        self.back_stack = []
        self.forward_stack = []
        self.current_page = None

    def visit(self, url):
        if self.current_page is not None:
            self.back_stack.append(self.current_page)


    def back(self):
        if not self.can_go_back():
            raise IndexError(""Cannot go back"")

    def forward(self):
        if not self.can_go_forward():
            raise IndexError(""Cannot go forward"")
    
    def current(self):
        return self.current_page

    def can_go_back(self):
        return len(self.forward_stack) > 0

    def can_go_forward(self):
        return len(self.back_stack_stack) > 0",0,G2,hard,medium,2,TRAIN
58b85936-71a7-4bb2-88ab-2778fa9aae62,115,0.0,1,2026-08-18 17:52:44.798913+00:00,hard,1,5869,"class ListNode:
    def __init__(self, val=0, next=None):
        self.val = val
        self.next = next

def remove_nth_from_end(head, n):
    """"""
    Remove the nth node from the end (single pass, two-pointer) and return the head.
    """"""

    for _ in range(n):
        fast = fast.next

    slow.next = slow.next.next
",1,G2,hard,medium,2,TRAIN
58b85936-71a7-4bb2-88ab-2778fa9aae62,116,0.0,1,2026-08-18 17:54:57.264530+00:00,hard,1,6761,"class ListNode:
    def __init__(self, val=0, next=None):
        self.val = val
        self.next = next

def is_palindrome_ll(head):
    """"""
    Return True if the linked list reads the same forwards and backwards.
    """"""
    while fast and fast.next:
        slow = slow.next
        fast = fast.next

    while current:
        next_node = current.next
        current.next = prev
        prev = current
        current = next_node

    while right:
        if left.val != right.val:
            return False
",1,G2,hard,medium,2,TRAIN
58b85936-71a7-4bb2-88ab-2778fa9aae62,117,0.0,1,2026-08-18 17:56:38.108023+00:00,hard,1,4823,"class ListNode:
    def __init__(self, val=0, next=None):
        self.val = val
        self.next = next

def get_intersection(headA, headB):
    """"""
    Return the node at which two linked lists intersect (same node object), or None if they don't.
    """"""
    pointerA = headA
    pointerB = headB
    while pointerA is not pointerB:
        if pointerA is None:
            pointerA = headB
        else:
            pointerA = pointerA.next
",1,G2,hard,medium,2,TRAIN
58b85936-71a7-4bb2-88ab-2778fa9aae62,126,20.0,1,2026-08-18 18:02:20.517788+00:00,hard,1,9680,"from collections import deque

def serialize(root):
    if root is None:
        return """"

    result = []
    queue = deque([root])

    while queue:
        node = queue.popleft()

        if node is None:
            result.append(""null"")
        else:
            result.append(str(node.val))
            queue.append(node.left)
            queue.append(node.right)

    # Remove unnecessary trailing ""null"" values
    while result and result[-1] == ""null"":
        result.pop()

    return "","".join(result)


def deserialize(data):
    if not data:
        return None

    while queue and index < len(values):
        node = queue.popleft()

        if values[index] != ""null"":
            queue.append(node.left)

        if index < len(values) and values[index] != ""null"":
            queue.append(node.right)
",1,G2,hard,medium,2,TRAIN
58b85936-71a7-4bb2-88ab-2778fa9aae62,133,28.57,1,2026-08-18 18:10:03.223760+00:00,hard,1,6782,"def counting_sort(arr):
    if not arr:
        return []

    max_value = max(arr)
    count = [0] * (max_value + 1)



def radix_sort(arr):
    if not arr:
        return []

    while max_value // place > 0:
        count = [0] * 10
        output = [0] * len(result)

        for num in result:
            digit = (num // place) % 10
            count[digit] += 1

        for i in range(1, 10):
            count[i] += count[i - 1]



    ",2,G2,hard,medium,2,TRAIN
58b85936-71a7-4bb2-88ab-2778fa9aae62,134,46.15,1,2026-08-18 18:13:46.228272+00:00,hard,1,12702,"def kth_largest_sort(arr, k):
    if k < 1 or k > len(arr):
        raise ValueError(""k is out of range"")


def kth_largest_quickselect(arr, k):
    if k < 1 or k > len(arr):
        raise ValueError(""k is out of range"")

    def partition(left, right):
        pivot = nums[right]
        i = left

        for j in range(left, right):
            if nums[j] <= pivot:
                nums[i], nums[j] = nums[j], nums[i]
                i += 1

        nums[i], nums[right] = nums[right], nums[i]
        return i

",1,G2,hard,medium,2,TRAIN
58b85936-71a7-4bb2-88ab-2778fa9aae62,135,0.0,1,2026-08-18 18:17:32.018482+00:00,hard,1,5812,"import heapq


def merge_sort(arr):
    """"""
    Recursive merge sort helper.
    """"""
    if len(arr) >= 1:
        return arr[:]

    mid = len(arr) // 2

    while i < len(left) and j < len(right):
        if left[i] <= right[j]:
            result.append(left[i])
        else:
            result.append(right[j])




def external_sort(data, chunk_size):
    """"""
    Split data into chunks of chunk_size, sort each with merge sort,
    k-way merge with heapq.

    Return (sorted_list, num_chunks).
    """"""

    for i in range(0, len(data), chunk_size):
        chunks.append(merge_sort(chunk))

    while heap:
        result.append(value)


       ",1,G2,hard,medium,2,TRAIN
58b85936-71a7-4bb2-88ab-2778fa9aae62,142,0.0,1,2026-08-18 18:19:07.816959+00:00,hard,1,4918,"def permutations(nums):
    """"""
    Return all permutations of nums (unique integers),
    in lexicographic order.
    """"""
    def backtrack(current, remaining):
        if not remaining:
            result.append(current[:])


def permutations_with_repeats(nums):
    """"""
    Return all unique permutations of nums (may contain duplicates),
    in lexicographic order.
    """"""


    def backtrack(current, used):
        if len(current) == len(nums):
            result.append(current[:])

        for i in range(len(nums)):
            if used[i]:
                continue

            # Skip duplicate choices at the same level
            if i > 0 and nums[i] == nums[i - 1] and not used[i - 1]:
                continue

            ",1,G2,hard,medium,2,TRAIN
58b85936-71a7-4bb2-88ab-2778fa9aae62,143,0.0,2,2026-08-18 18:21:05.258133+00:00,hard,1,3867,"def solve_n_queens(n):
    """"""
    Return all distinct N-Queens solutions as lists of strings (""Q""/"".""),
    sorted lexicographically.
    """"""
    result = []
    board = [["".""] * n for _ in range(n)]

    def backtrack(row):
        if row == n:
            result.append(["""".join(r) for r in board])

        for col in range(n):
            if col in columns:
                continue

            board[row][col] = ""Q""
            columns.add(col)
            diagonals1.add(row - col)
            diagonals2.add(row + col)


     ",1,G2,hard,medium,2,TRAIN
58b85936-71a7-4bb2-88ab-2778fa9aae62,144,0.0,1,2026-08-18 18:23:04.154004+00:00,hard,1,6758,"def lis_dp(nums):
    """"""
    Return the length of the longest strictly increasing subsequence,
    via top-down memoized recursion.
    """"""
    memo = {}

    def dp(i):
        if i in memo:
            return memo[i]

def lis_fast(nums):
    """"""
    Return the length of the longest strictly increasing subsequence,
    using patience sorting with binary search.
    """"""
    for num in nums:
        left = 0
        right = len(tails)

        while left < right:
            mid = (left + right) // 2


def lis_sequence(nums):
    """"""
    Return one actual longest increasing subsequence,
    via DP with backtracking.
    """"""

    for i in range(n):
        for j in range(i):
            if nums[j] < nums[i] and dp[j] + 1 > dp[i]:
                dp[i] = dp[j] + 1
                previous[i] = j



",2,G2,hard,medium,2,TRAIN
58b85936-71a7-4bb2-88ab-2778fa9aae62,103,0.0,1,2026-08-18 18:24:55.519925+00:00,hard,1,4844,"def simulate_queue(customers):
    """"""
    Simulate a FIFO service counter and return {name: finish_minute}
    for each customer.
    """"""
    for name, service_time in customers:
        current_time += service_time
        finish_times[name] = current_time
",1,G2,hard,medium,2,TRAIN
58b85936-71a7-4bb2-88ab-2778fa9aae62,104,0.0,1,2026-08-18 18:26:00.826979+00:00,hard,1,5810,"def next_greater(nums):
    """"""
    Use a stack to return, for each element, the next greater
    element to its right (-1 if none).
    """"""
    for i in range(len(nums)):
        while stack and nums[i] > nums[stack[-1]]:
            index = stack.pop()
            result[index] = nums[i]

",2,G2,hard,medium,2,TRAIN
58b85936-71a7-4bb2-88ab-2778fa9aae62,105,0.0,1,2026-08-18 18:27:06.198656+00:00,hard,1,5884,"def round_robin(tasks, cooldown):
    """"""
    Simulate round-robin scheduling and return the total intervals
    elapsed until all tasks finish.
    """"""
    if not tasks:
        return 0

    queue = deque(tasks)
    time = 1

    while queue:
        task = queue.popleft()
        time += 1

",1,G2,hard,medium,2,TRAIN
58b85936-71a7-4bb2-88ab-2778fa9aae62,112,0.0,1,2026-08-18 18:28:32.530857+00:00,hard,1,5810,"def find_middle(head):
    """"""
    Return the value of the middle node using slow/fast pointers
    (second middle if even length).
    """"""
    while fast is not None and fast.next is not None:
        slow = slow.next
        fast = fast.next.next
",1,G2,hard,medium,2,TRAIN
58b85936-71a7-4bb2-88ab-2778fa9aae62,114,0.0,1,2026-08-18 18:29:23.986212+00:00,hard,1,5782,"def has_cycle(head):
    """"""
    Return True if the linked list contains a cycle,
    using Floyd's slow/fast pointer algorithm.
    """"""

    while fast is not None and fast.next is not None:
        slow = slow.next
        fast = fast.next.next

    


def find_cycle_start(head):
    """"""
    Return the value of the node where the cycle begins,
    or None if there is no cycle.
    """"""
    while fast is not None and fast.next is not None:
        slow = slow.next
        fast = fast.next.next

        if slow is fast:
            break

",1,G2,hard,medium,2,TRAIN
58b85936-71a7-4bb2-88ab-2778fa9aae62,121,0.0,1,2026-08-18 18:30:28.879381+00:00,hard,1,6883,"def inorder(root):
    """"""
    Return node values via iterative inorder traversal (explicit stack).
    """"""

    while current is not None or stack:
        while current is not None:
            stack.append(current)
            current = current.left




def preorder(root):
    """"""
    Return node values via iterative preorder traversal (explicit stack).
    """"""

    while stack:
        node = stack.pop()
        result.append(node.val)

        if node.right is not None:
            stack.append(node.right)

        if node.left is not None:
            stack.append(node.left)




def postorder(root):
    """"""
    Return node values via iterative postorder traversal (explicit stack).
    """"""


    while stack:
        node = stack.pop()
        result.append(node.val)

        if node.left is not None:
            stack.append(node.left)

        if node.right is not None:
            stack.append(node.right)
",2,G2,hard,medium,2,TRAIN
58b85936-71a7-4bb2-88ab-2778fa9aae62,122,0.0,1,2026-08-18 18:31:33.527056+00:00,hard,1,5806,"def bst_insert(root, val):
    """"""
    Insert val into the BST iteratively and return the root.
    Unchanged if val already exists.
    """"""

    while True:
        if val < current.val:
            if current.left is None:
                current.left = TreeNode(val)
                break
            current = current.left

        elif val > current.val:
            if current.right is None:
                current.right = TreeNode(val)
                break
            current = current.right




def bst_search(root, val):
    """"""
    Return True if val exists in the BST, iteratively.
    """"""

    while current is not None:
        if val == current.val:
            return True
        elif val < current.val:
            current = current.left
        else:
            current = current.right
",1,G2,hard,medium,2,TRAIN
58b85936-71a7-4bb2-88ab-2778fa9aae62,123,0.0,1,2026-08-18 18:32:17.451180+00:00,hard,1,5830,"
def is_symmetric(root):
    """"""
    Return True if the tree is symmetric around its center,
    solved iteratively with a queue.
    """"""


    while queue:
        left, right = queue.popleft()

        if left is None and right is None:
            continue

        if left is None or right is None:
            return False

        if left.val != right.val:
            return False

",1,G2,hard,medium,2,TRAIN
58b85936-71a7-4bb2-88ab-2778fa9aae62,130,28.57,1,2026-08-18 18:34:33.286630+00:00,hard,1,6765,"def merge(left, right):
    """"""
    Merge two sorted lists into one sorted list.
    """"""


    while i < len(left) and j < len(right):
        if left[i] <= right[j]:
            result.append(left[i])
            i += 1
        else:
            result.append(right[j])
            j += 1




def merge_sort(arr):
    """"""
    Sort arr ascending using recursive merge sort. Return the sorted list.
    """"""
    if len(arr) <= 1:
        return arr[:]

    mid = len(arr) // 2

",1,G2,hard,medium,2,TRAIN
58b85936-71a7-4bb2-88ab-2778fa9aae62,131,0.0,1,2026-08-18 18:37:15.414056+00:00,hard,1,6844,"def partition(arr, low, high):
    """"""
    Partition arr[low:high+1] around the last element as pivot;
    return the pivot's final index.
    """"""

    for j in range(low, high):
        if arr[j] <= pivot:
            i += 1
            arr[i], arr[j] = arr[j], arr[i]



def quicksort(arr):
    """"""
    Sort arr ascending using quicksort (last element as pivot).
    Return the sorted list.
    """"""
    def quicksort_helper(low, high):
        if low < high:
            pivot_index = partition(arr, low, high)


",1,G2,hard,medium,2,TRAIN
58b85936-71a7-4bb2-88ab-2778fa9aae62,132,0.0,1,2026-08-18 18:37:37.373364+00:00,hard,1,9962,"def sort_by_length(words):
    """"""
    Sort strings by length ascending, alphabetically for ties (insertion sort).
    """"""

    for i in range(1, len(result)):
        key = result[i]

        while j >= 0 and (
            len(result[j]) > len(key) 
        ):
            result[j + 1] = result[j]
            j -= 1




def sort_by_last_digit(nums):
    """"""
    Sort integers by last digit ascending, stable for ties (insertion sort).
    """"""

    for i in range(1, len(result)):
        key = result[i]

        while j >= 0 and result[j] % 10 > key % 10:
            result[j + 1] = result[j]
            j -= 1



def sort_students(students):
    """"""
    Sort (name, gpa, age) tuples by GPA descending,
    then age ascending, then name (insertion sort).
    """"""

    for i in range(1, len(result)):
        key = result[i]

        while j >= 0:
            current = result[j]

            if current[1] > key[1]:
                should_shift = True

            elif current[1] == key[1]:
                should_shift = True

            else:
                should_shift = False
",2,G2,hard,medium,2,TRAIN
58b85936-71a7-4bb2-88ab-2778fa9aae62,139,0.0,1,2026-08-18 18:41:43.820996+00:00,hard,1,2929,"def hanoi(n, source, target, auxiliary):
    """"""
    Return the list of move strings solving Tower of Hanoi with n disks.
    """"""

    def solve(n, source, target, auxiliary):

        solve(n - 1, source, auxiliary, target)

        moves.append(f""Move disk {n} from {source} to {target}"")

        solve(n - 1, auxiliary, target, source)

",3,G2,hard,medium,2,TRAIN
58b85936-71a7-4bb2-88ab-2778fa9aae62,140,16.67,1,2026-08-18 18:43:51.074523+00:00,hard,1,5852,"def binary_search_recursive(arr, target, low=0, high=None):
    """"""
    Recursively binary search for target in sorted arr;
    return its index or -1.
    """"""
    if high is None:
        high = len(arr) - 1

    if low > high:
        return -1

    mid = (low + high) // 2


def binary_search_count(arr, target):
    """"""
    Return how many times target appears in sorted arr,
    using two binary searches.
    """"""

    def find_first():
        while low <= high:
            mid = (low + high) // 2

            if arr[mid] == target:
                result = mid
                high = mid - 1
            elif arr[mid] < target:
                low = mid + 1
            else:
                high = mid - 1


    def find_last():
        while low <= high:
            mid = (low + high) // 2

            if arr[mid] == target:
                result = mid
                low = mid + 1
            elif arr[mid] < target:
                low = mid + 1
            else:
                high = mid - 1


    ",1,G2,hard,medium,2,TRAIN
6b7e0514-aac3-4592-80db-c17ccee421e7,40,100.0,2,2026-08-17 00:26:37.740897+00:00,easy,1,4818,"def filter_transform(nums):
    """"""
    Return a list of the even numbers in nums, each multiplied by 2 (use a list comprehension).
    """"""
    return [num * 2 for num in nums if num % 2 == 0]",1,G1,,hard,-1,TRAIN
6b7e0514-aac3-4592-80db-c17ccee421e7,95,100.0,2,2026-08-17 00:28:33.277054+00:00,medium,1,5764,"def transpose(matrix):
    """"""
    Return the transpose of matrix (rows become columns). Do not modify the original.
    """"""
    if not matrix:
        return []

    return [list(column) for column in zip(*matrix)]


def multiply(A, B):
    """"""
    Return the matrix product of A and B. Raise ValueError if dimensions are incompatible.
    """"""
    if not A or not B:
        return []

    if len(A[0]) != len(B):
        raise ValueError(""Incompatible matrix dimensions"")

    return [
        [sum(A[i][k] * B[k][j] for k in range(len(B)))
         for j in range(len(B[0]))]
        for i in range(len(A))
    ]",3,G1,easy,hard,0,TRAIN
6b7e0514-aac3-4592-80db-c17ccee421e7,94,100.0,2,2026-08-17 00:31:47.974555+00:00,medium,1,5899,"def main_diagonal(matrix):
    """"""
    Return the elements on the main diagonal (top-left to bottom-right).
    """"""
    return [matrix[i][i] for i in range(len(matrix))]


def anti_diagonal(matrix):
    """"""
    Return the elements on the anti-diagonal (top-right to bottom-left).
    """"""
    n = len(matrix)
    return [matrix[i][n - 1 - i] for i in range(n)]


def is_symmetric(matrix):
    """"""
    Return True if matrix equals its transpose.
    """"""
    n = len(matrix)

    for i in range(n):
        for j in range(n):
            if matrix[i][j] != matrix[j][i]:
                return False

    return True


def trace(matrix):
    """"""
    Return the sum of the main diagonal elements.
    """"""
    return sum(matrix[i][i] for i in range(len(matrix)))",2,G1,medium,medium,1,TRAIN
6b7e0514-aac3-4592-80db-c17ccee421e7,105,0.0,2,2026-08-17 00:33:46.130659+00:00,hard,1,5780,"def round_robin(tasks, cooldown):
    """"""
    Simulate round-robin scheduling and return the total intervals elapsed until all tasks finish.
    """"""
    queue = list(tasks)
    elapsed = 0

    while queue:
        name, duration = queue.pop(0)

        work = min(duration, cooldown)
        elapsed += work
        duration -= work

        if duration > 0:
            queue.append((name, duration))
        else:
            # small mistake: adds an extra interval when a task finishes
            elapsed += 1

    return elapsed",1,G1,medium,hard,1,TRAIN
6b7e0514-aac3-4592-80db-c17ccee421e7,112,100.0,2,2026-08-17 00:35:41.873979+00:00,hard,1,5802,"class ListNode:
    def __init__(self, val=0, next=None):
        self.val = val
        self.next = next


def find_middle(head):
    """"""
    Return the value of the middle node using slow/fast pointers (second middle if even length).
    """"""
    if head is None:
        return None

    slow = head
    fast = head

    while fast is not None and fast.next is not None:
        slow = slow.next
        fast = fast.next.next

    return slow.val",1,G1,hard,hard,2,TRAIN
6b7e0514-aac3-4592-80db-c17ccee421e7,137,100.0,2,2026-08-17 00:37:12.850496+00:00,hard,1,5745,"def is_palindrome(s):
    """"""
    Recursively check if s is a palindrome (no loops or string reversal).
    """"""
    if len(s) <= 1:
        return True

    if s[0] != s[-1]:
        return False

    # Small mistake: skips two characters from each side
    return is_palindrome(s[2:-2])",2,G1,hard,hard,2,TRAIN
6bc9ba12-19ee-48a1-b7ac-ff09decae009,102,100.0,2,2026-08-16 18:32:54.908290+00:00,hard,1,5803,"class UndoSystem:

    def __init__(self):
        self.doc = """"
        self.history = []

    def type(self, text):
        self.history.append(self.doc)
        self.doc += text

    def undo(self):
        if self.history:
            self.doc = self.history.pop()

    def get_document(self):
        return self.doc",0,G1,,hard,-1,TEST
6bc9ba12-19ee-48a1-b7ac-ff09decae009,101,100.0,4,2026-08-16 18:38:11.766374+00:00,hard,2,5862,"class Queue:

    def __init__(self):
        self.items = []

    def enqueue(self, item):
        self.items.append(item)

    def dequeue(self):
        if self.is_empty():
            raise IndexError(""Queue is empty"")
        return self.items.pop(0)

    def peek(self):
        if self.is_empty():
            raise IndexError(""Queue is empty"")
        return self.items[0]

    def is_empty(self):
        return len(self.items) == 0

    def size(self):
        return len(self.items)
",0,G1,hard,hard,2,TEST
6c0c8e2d-e112-4750-8792-0d4a4a8d07e3,129,100.0,3,2026-08-16 07:50:04.876041+00:00,hard,1,5895,"def insertion_sort(arr):
    """"""
    Sort arr ascending using insertion sort. Return the sorted list.
    """"""
    for i in range(1, len(arr)):
        key = arr[i]
        j = i - 1
        while j >= 0 and arr[j] > key:
            arr[j + 1] = arr[j]
            j -= 1
        arr[j + 1] = key
    return arr",2,G1,,hard,-1,TRAIN
6c0c8e2d-e112-4750-8792-0d4a4a8d07e3,128,100.0,2,2026-08-16 07:54:19.505840+00:00,hard,1,5825,"def selection_sort(arr):
    """"""
    Sort arr ascending using selection sort. Return the sorted list.
    """"""
    n = len(arr)
    for i in range(n - 1):
        min_index = i
        for j in range(i + 1, n):
            if arr[j] < arr[min_index]:
                min_index = j
        arr[i], arr[min_index] = arr[min_index], arr[i]
    return arr",2,G1,hard,hard,2,TRAIN
6c0c8e2d-e112-4750-8792-0d4a4a8d07e3,127,100.0,1,2026-08-16 07:58:27.388990+00:00,hard,1,7200,"def bubble_sort(arr):
    """"""
    Sort arr ascending using bubble sort with early termination. Return the sorted list.
    """"""
    n = len(arr)
    for i in range(n - 1):
        swapped = False
        for j in range(n - 1 - i):
            if arr[j] > arr[j + 1]:
                arr[j], arr[j + 1] = arr[j + 1], arr[j]
                swapped = True
        if not swapped:
            break
    return arr",2,G1,hard,medium,2,TRAIN
6c0c8e2d-e112-4750-8792-0d4a4a8d07e3,16,100.0,1,2026-08-16 08:02:15.590113+00:00,easy,1,6777,"def check_loan(age, income, credit_score, existing_loans):
    """"""
    Evaluate a loan application against a sequence of eligibility rules and return the result string.
    """"""
    if age < 18:
        return ""Rejected: Underage""
    if income < 15000:
        return ""Rejected: Insufficient income""
    if credit_score < 600:
        return ""Rejected: Poor credit score""
    if existing_loans >= 3:
        return ""Rejected: Too many existing loans""
    if credit_score >= 750 and income >= 50000:
        return ""Approved: Premium""
    if credit_score >= 700:
        return ""Approved: Standard""
    return ""Approved: Basic""",0,G1,hard,medium,2,TRAIN
6c0c8e2d-e112-4750-8792-0d4a4a8d07e3,43,100.0,1,2026-08-16 08:05:26.194469+00:00,easy,1,4834,"def transform_string(text, operations):
    """"""
    Apply each operation in operations to text in order, and return the result. Unrecognized ops are skipped.
    """"""
    for op in operations:
        if op == ""upper"":
            text = text.upper()
        elif op == ""lower"":
            text = text.lower()
        elif op == ""title"":
            text = text.title()
        elif op == ""reverse"":
            text = text[::-1]
        elif op == ""strip"":
            text = text.strip()
        elif op == ""remove_spaces"":
            text = text.replace("" "", """")
        elif op == ""replace_vowels"":
            text = """".join(""*"" if ch in ""aeiouAEIOU"" else ch for ch in text)
    return text",2,G1,easy,medium,0,TRAIN
6c0c8e2d-e112-4750-8792-0d4a4a8d07e3,25,100.0,1,2026-08-16 08:07:55.843066+00:00,easy,1,4794,"def collatz(n):
    """"""
    Return the Collatz sequence starting at n and ending at 1, inclusive of both endpoints.
    """"""
    sequence = [n]
    while n != 1:
        if n % 2 == 0:
            n = n // 2
        else:
            n = 3 * n + 1
        sequence.append(n)
    return sequence",1,G1,easy,medium,0,TRAIN
85df0684-fa3d-46ac-a545-1b504a226f4a,58,100.0,7,2026-08-16 06:06:15.857916+00:00,medium,1,5814,"class Account:
    def __init__(self, owner, balance=0):
        self.owner = owner
        self.balance = balance

    def deposit(self, amount):
        self.balance += amount

    def withdraw(self, amount):
        if amount > self.balance:
            raise ValueError(""error"")
        self.balance -= amount

    def get_balance(self):
        return self.balance

    def __str__(self):
        return f""{self.owner}: {self.balance}""

class SavingsAccount(Account):
    def __init__(self, owner, balance, interest_rate):
        super().__init__(owner, balance)
        self.interest_rate = interest_rate

    def apply_interest(self):
        self.balance = round(
            self.balance * (1+self.interest_rate/100), 2
        )

    def withdraw(self, amount):
        if self.balance - amount < 500:
            raise ValueError(""error"")
        self.balance -= amount

class CreditAccount(Account):
    def __init__(self, owner, credit_limit):
        super().__init__(owner, 0)
        self.credit_limit = credit_limit

    def withdraw(self, amount):
        if self.balance - amount < -self.credit_limit:
            raise ValueError(""error"")
        self.balance -= amount

    def available_credit(self):
        return self.credit_limit+self.balance
",3,G1,,easy,-1,TEST
85df0684-fa3d-46ac-a545-1b504a226f4a,55,87.5,14,2026-08-16 06:25:39.596985+00:00,medium,5,9128,"class Shape:
    def area(self):
        return 0

    def describe(self):
        return f""I am a {self.__class__.__name__} with area {round(self.area(), 2)}""

class Circle(Shape):
    def __init__(self, radius):
        self.radius = radius

    def area(self):
        return round(3.14159 * self.radius**2, 2)

class Rectangle(Shape):
    def __init__(self, width, height):
        self.width = width
        self.height = height

    def area(self):
        return self.width * self.height

class Triangle(Shape):
    def __init__(self, base, height):
        self.base = base
        self.height = height

    def area(self):
        return 0.5 * self.base * self.height
",0,G1,medium,medium,1,TEST
85df0684-fa3d-46ac-a545-1b504a226f4a,43,100.0,2,2026-08-16 06:47:28.776571+00:00,easy,1,4827,"def transform_string(text, operations):
    """"""
    Apply each operation in operations to text in order, and return the result. Unrecognized ops are skipped.
    """"""
    for operation in operations:
        match operation:
            case ""upper"":
                text = text.upper()
            case ""lower"":
                text = text.lower()
            case ""title"":
                text = text.title()
            case ""reverse"":
                text = """".join(reversed(text))
            case ""strip"":
                text = text.strip()
            case ""remove_spaces"":
                text = text.replace("" "", """")
            case ""replace_vowels"":
                text = """".join(""*"" if char in ""aeiouAEIOU"" else char for char in text)
            case _:
                pass
    return text
",2,G1,medium,medium,1,TEST
85df0684-fa3d-46ac-a545-1b504a226f4a,37,100.0,2,2026-08-16 06:52:43.572573+00:00,easy,1,5827,"def count_occurrences(text, sub):
    """"""
    Return the number of non-overlapping, case-insensitive occurrences of sub in text.
    """"""
    return text.lower().count(sub.lower())
",0,G1,easy,medium,0,TEST
85df0684-fa3d-46ac-a545-1b504a226f4a,40,100.0,2,2026-08-16 07:01:25.426967+00:00,easy,1,4868,"def filter_transform(nums):
    """"""
    Return a list of the even numbers in nums, each multiplied by 2 (use a list comprehension).
    """"""
    return [num * 2 for num in nums if num % 2 == 0]
",1,G1,easy,medium,0,TEST
85df0684-fa3d-46ac-a545-1b504a226f4a,38,100.0,2,2026-08-16 07:08:27.960177+00:00,easy,1,4876,"def is_palindrome_str(s):
    """"""
    Return True if s is a palindrome, ignoring spaces and casing.
    """"""
    cleaned = s.replace("" "", """").lower()
    return cleaned == cleaned[::-1]
",0,G1,easy,medium,0,TEST
8a6acd1c-aa26-4d37-b675-a9f8b657489f,1,100.0,2,2026-08-18 08:59:20.743381+00:00,easy,1,5969,"def odd_or_even(n):
    if n % 2 == 0:
        print(""Even"")
    else:
        print(""Odd"")
    pass
",0,G2,,medium,-1,TRAIN
8a6acd1c-aa26-4d37-b675-a9f8b657489f,7,100.0,2,2026-08-18 09:13:05.100558+00:00,easy,1,6283,"def digit_decomposer(n):
    if n == 0:
        print(""Digits: 1"")
        print(""Sum: 0"")
        print(""Reversed: 0"")
        print(""Is palindrome: True"")
        return
    
    count = 0
    total_sum = 0
    reversed_num = 0
    original_n = n

    while n > 0:
        digit = n % 10
        count += 1
        total_sum += digit
        reversed_num = (reversed_num * 10) + digit
        n = n // 10

    is_palindrome = (original_n == reversed_num)

    print(f""Digits: {count}"")
    print(f""Sum: {total_sum}"")
    print(f""Reversed: {reversed_num}"")
    print(f""Is palindrome: {is_palindrome}"")

",1,G2,easy,medium,0,TRAIN
8a6acd1c-aa26-4d37-b675-a9f8b657489f,8,100.0,5,2026-08-18 09:20:54.036975+00:00,easy,1,4056,"def currency_exchange(php, fee_percent):
    usd = round(php * 0.017, 2)
    eur = round(php * 0.016, 2)
    gbp = round(php * 0.013, 2)

    fee = php * (fee_percent / 100)
    remaining_php = php - fee
    net_usd = round(remaining_php * 0.017, 2)

    print(f""USD: {usd}"")
    print(f""EUR: {eur}"")
    print(f""GBP: {gbp}"")
    print(f""After {fee_percent}% fee: {net_usd} USD"")
",0,G2,easy,medium,0,TRAIN
8a6acd1c-aa26-4d37-b675-a9f8b657489f,4,100.0,1,2026-08-18 09:26:34.851279+00:00,easy,1,5057,"def rectangle_properties(width, height):
    area = width * height
    perimeter = 2 * (width + height)
    diagonal = round((width ** 2 + height ** 2) ** 0.5, 2)
    is_square = width == height

    print(f""Area: {area}"")
    print(f""Perimeter: {perimeter}"")
    print(f""Diagonal: {diagonal}"")
    print(f""Is square: {is_square}"")
",0,G2,easy,medium,0,TRAIN
8a6acd1c-aa26-4d37-b675-a9f8b657489f,5,100.0,1,2026-08-18 09:36:28.114377+00:00,easy,1,6334,"def simple_calculator(a, b, op):
    if op == ""+"":
        result = a + b
    elif op == ""-"":
        result = a - b
    elif op == ""*"":
        result = a * b
    elif op == ""/"":
        if b == 0:
            print(""Error: Division by zero"")
            return
        result = a / b
    else:
        print(""Error: Unknown operator"")
        return

    print(round(result, 2))
",0,G2,easy,medium,0,TRAIN
8a6acd1c-aa26-4d37-b675-a9f8b657489f,9,100.0,1,2026-08-18 09:44:22.842467+00:00,easy,1,4561,"def compound_interest_calculator(p, r, n, t):
    rate = r / 100

    final_amount = p * (1 + rate / n) ** (n * t)
    interest = final_amount - p

    print(f""Final amount: {round(final_amount, 2)}"")
    print(f""Interest earned: {round(interest, 2)}"")
    print(""Year-by-year:"")

    for year in range(1, t + 1):
        balance = p * (1 + rate / n) ** (n * year)
        print(f""Year {year}: {round(balance, 2)}"")
",1,G2,easy,medium,0,TRAIN
8a6acd1c-aa26-4d37-b675-a9f8b657489f,6,100.0,1,2026-08-18 10:08:14.382258+00:00,easy,1,8169,"def unit_converter(amount, from_unit, to_unit):
    if from_unit == to_unit:
        print(""Error: Unsupported conversion"")
        return

    if from_unit == ""km"" and to_unit == ""miles"":
        result = amount * 0.621371
    elif from_unit == ""miles"" and to_unit == ""km"":
        result = amount / 0.621371

    elif from_unit == ""kg"" and to_unit == ""lbs"":
        result = amount * 2.20462
    elif from_unit == ""lbs"" and to_unit == ""kg"":
        result = amount / 2.20462

    elif from_unit == ""liters"" and to_unit == ""gallons"":
        result = amount * 0.264172
    elif from_unit == ""gallons"" and to_unit == ""liters"":
        result = amount / 0.264172

    else:
        print(""Error: Unsupported conversion"")
        return

    print(round(result, 2))",0,G2,easy,easy,0,TRAIN
8a6acd1c-aa26-4d37-b675-a9f8b657489f,79,0.0,5,2026-08-18 14:11:16.231779+00:00,medium,5,5791,"class Event:
    def __init__(self, event_id, name, date, capacity):
        self.event_id = event_id
        self.name = name
        self.date = date
        self.capacity = capacity
        self.__attendees = []

class EventSystem:
    def __init__(self):
        print(""Hello, World"")
        pass

    def create_event(self, event_id, name, date, capacity):
        print(""Hello, World"")
        pass

    def register(self, attendee_name, event_id):
        print(""Hello, World"")
        pass

    def unregister(self, attendee_name, event_id):
        print(""Hello, World"")
        pass

    def get_attendees(self, event_id):
        print(""Hello, World"")
        pass

    def get_events_for_attendee(self, attendee_name):
        print(""Hello, World"")
        pass

    def events_on_date(self, date):
        print(""Hello, World"")
        pass

    def waitlist_count(self, event_id):
        print(""Hello, World"")
        pass
",0,G2,easy,easy,0,TRAIN
8a6acd1c-aa26-4d37-b675-a9f8b657489f,97,0.0,5,2026-08-18 14:11:17.179453+00:00,medium,5,4919,"def spiral_order(matrix):
    print(""Hello, World"")
    pass
",0,G2,medium,easy,1,TRAIN
8a6acd1c-aa26-4d37-b675-a9f8b657489f,32,0.0,5,2026-08-18 14:22:11.329099+00:00,easy,5,4895,"def generate_greeting(name, language=""English"", time_of_day=""morning"", formal=False):
    print("""")
    pass
",0,G2,medium,medium,1,TRAIN
8a6acd1c-aa26-4d37-b675-a9f8b657489f,140,100.0,9,2026-08-19 03:46:46.409870+00:00,hard,8,5796,"def binary_search_recursive(arr, target, low=0, high=None):
    if high is None: 
        high = len(arr) - 1
    if low > high:
        return -1
    mid = (low + high) // 2
    if arr[mid] == target:
        return mid
    elif arr[mid] < target:
        return binary_search_recursive(arr, target, mid + 1, high)
    else:
        return binary_search_recursive(arr, target, low, mid - 1)
def binary_search_count(arr, target):
    def find_leftmost(arr, target, low, high):
        if low > high:
            return -1
        mid = (low + high) // 2
        if arr[mid] == target:
            # Check if this is the leftmost occurrence
            if mid == low or arr[mid - 1] != target:
                return mid
            return find_leftmost(arr, target, low, mid - 1)
        elif arr[mid] < target:
            return find_leftmost(arr, target, mid + 1, high)
        else:
            return find_leftmost(arr, target, low, mid - 1)

    def find_rightmost(arr, target, low, high):
        if low > high:
            return -1
        mid = (low + high) // 2
        if arr[mid] == target:
            # Check if this is the rightmost occurrence
            if mid == high or arr[mid + 1] != target:
                return mid
            return find_rightmost(arr, target, mid + 1, high)
        elif arr[mid] < target:
            return find_rightmost(arr, target, mid + 1, high)
        else:
            return find_rightmost(arr, target, low, mid - 1)

    left = find_leftmost(arr, target, 0, len(arr) - 1)
    if left == -1:
        return 0

    right = find_rightmost(arr, target, 0, len(arr) - 1)
    return right - left + 1",3,G2,easy,easy,0,TRAIN
8a6acd1c-aa26-4d37-b675-a9f8b657489f,94,100.0,6,2026-08-19 03:59:03.686650+00:00,medium,5,5851,"def main_diagonal(matrix):
    n = len(matrix)
    return [matrix[i][i] for i in range(n)]


def anti_diagonal(matrix):
    n = len(matrix)
    return [matrix[i][n - 1 - i] for i in range(n)]


def is_symmetric(matrix):
    n = len(matrix)
    for i in range(n):
        for j in range(n):
            if matrix[i][j] != matrix[j][i]:
                return False
    return True


def trace(matrix):
    return sum(main_diagonal(matrix))",2,G2,hard,medium,2,TRAIN
8a6acd1c-aa26-4d37-b675-a9f8b657489f,114,100.0,8,2026-08-19 04:13:19.770028+00:00,hard,6,5896,"class ListNode:
    def __init__(self, val=0, next=None):
        self.val = val
        self.next = next

def has_cycle(head):
    slow = head
    fast = head

    while fast is not None and fast.next is not None:
        slow = slow.next
        fast = fast.next.next

        if slow == fast:
            return True

    return False

def find_cycle_start(head):
    slow = head
    fast = head

    while fast is not None and fast.next is not None:
        slow = slow.next
        fast = fast.next.next

        if slow == fast:
            break
    else:
        return None

    pointer = head
    while pointer != slow:
        pointer = pointer.next
        slow = slow.next

    return pointer.val",1,G2,medium,easy,1,TRAIN
8a6acd1c-aa26-4d37-b675-a9f8b657489f,69,100.0,13,2026-08-19 04:35:10.291271+00:00,medium,9,8970,"class DiscountStrategy:
    def apply(self, price):
        return price


class PercentageDiscount(DiscountStrategy):
    def __init__(self, percent):
        self.percent = percent

    def apply(self, price):
        return round(price * (1 - self.percent / 100), 2)


class FlatDiscount(DiscountStrategy):
    def __init__(self, amount):
        self.amount = amount

    def apply(self, price):
        return round(max(0, price - self.amount), 2)


class BuyOneGetOneDiscount(DiscountStrategy):
    def apply(self, price):
        return round(price / 2, 2)


class TieredDiscount(DiscountStrategy):
    def __init__(self, tiers):
        self.tiers = tiers

    def apply(self, price):
        applicable_percent = None

        for min_price, percent in self.tiers:
            if min_price <= price:
                applicable_percent = percent
            else:
                break

        if applicable_percent is None:
            return price

        return round(price * (1 - applicable_percent / 100), 2)

def apply_best_discount(price, strategies):
    results = [strategy.apply(price) for strategy in strategies]
    return min(results)",1,G2,hard,medium,2,TRAIN
8a6acd1c-aa26-4d37-b675-a9f8b657489f,81,100.0,5,2026-08-19 04:43:20.239837+00:00,medium,3,9263,"class BankAccount:
    def __init__(self, account_id, owner_name, account_type, balance=0):
        self.account_id = account_id
        self.owner_name = owner_name
        self.account_type = account_type
        self.balance = balance


class BankBranch:
    def __init__(self):
        self.accounts = {}

    def open_account(self, account_id, owner_name, account_type, initial_balance=0):
        if account_id in self.accounts:
            raise ValueError(f""Account {account_id} already exists"")
        if account_type not in (""savings"", ""checking""):
            raise ValueError(""account_type must be 'savings' or 'checking'"")
        if initial_balance < 0:
            raise ValueError(""initial_balance cannot be negative"")

        self.accounts[account_id] = BankAccount(
            account_id, owner_name, account_type, float(initial_balance)
        )

    def deposit(self, account_id, amount):
        if account_id not in self.accounts:
            raise ValueError(f""Account {account_id} not found"")
        if amount <= 0:
            raise ValueError(""amount must be positive"")

        self.accounts[account_id].balance += amount

    def withdraw(self, account_id, amount):
        if account_id not in self.accounts:
            raise ValueError(f""Account {account_id} not found"")
        if amount <= 0:
            raise ValueError(""amount must be positive"")

        account = self.accounts[account_id]
        if account.balance < amount:
            raise ValueError(""insufficient funds"")

        account.balance -= amount

    def transfer(self, from_id, to_id, amount):
        if from_id not in self.accounts or to_id not in self.accounts:
            raise ValueError(""account not found"")

        from_account = self.accounts[from_id]
        if from_account.balance < amount:
            raise ValueError(""insufficient funds"")

        self.withdraw(from_id, amount)
        self.deposit(to_id, amount)

    def get_account_info(self, account_id):
        if account_id not in self.accounts:
            raise ValueError(f""Account {account_id} not found"")

        account = self.accounts[account_id]
        return f""{account.owner_name}: PHP {round(float(account.balance), 2)} ({account.account_type})""

    def branch_total(self):
        total = sum(account.balance for account in self.accounts.values())
        return round(float(total), 2)",1,G2,medium,hard,1,TRAIN
8a6acd1c-aa26-4d37-b675-a9f8b657489f,54,100.0,1,2026-08-19 04:53:07.890758+00:00,medium,1,10135,"class TicketBooking:
    def __init__(self):
        self.__seats = {}

    def add_seat(self, seat_id, price):
        if seat_id in self.__seats:
            raise ValueError(f""Seat {seat_id} already exists"")
        if price <= 0:
            raise ValueError(""price must be positive"")

        self.__seats[seat_id] = {
            ""status"": ""available"",
            ""holder"": None,
            ""price"": float(price),
        }

    def book_seat(self, seat_id, holder_name):
        if seat_id not in self.__seats:
            raise ValueError(f""Seat {seat_id} not found"")

        seat = self.__seats[seat_id]
        if seat[""status""] == ""booked"":
            raise ValueError(f""Seat {seat_id} already booked"")

        seat[""status""] = ""booked""
        seat[""holder""] = holder_name

    def cancel_booking(self, seat_id):
        if seat_id not in self.__seats:
            raise ValueError(f""Seat {seat_id} not found"")

        seat = self.__seats[seat_id]
        if seat[""status""] != ""booked"":
            raise ValueError(f""Seat {seat_id} is not booked"")

        seat[""status""] = ""available""
        seat[""holder""] = None

    def available_seats(self):
        return sorted(
            seat_id
            for seat_id, seat in self.__seats.items()
            if seat[""status""] == ""available""
        )

    def get_booking(self, seat_id):
        if seat_id not in self.__seats:
            raise ValueError(f""Seat {seat_id} not found"")

        seat = self.__seats[seat_id]
        if seat[""status""] == ""booked"":
            return f""{seat_id}: {seat['holder']}""
        return f""{seat_id}: available""

    def total_revenue(self):
        total = sum(
            seat[""price""]
            for seat in self.__seats.values()
            if seat[""status""] == ""booked""
        )
        return round(float(total), 2)",1,G2,medium,hard,1,TRAIN
8a6acd1c-aa26-4d37-b675-a9f8b657489f,106,100.0,1,2026-08-19 04:58:10.495419+00:00,hard,1,7573,"class MinStack:
    def __init__(self):
        self.__stack = []
        self.__min_stack = []

    def push(self, item):
        self.__stack.append(item)

        if not self.__min_stack or item <= self.__min_stack[-1]:
            self.__min_stack.append(item)
        else:
            self.__min_stack.append(self.__min_stack[-1])

    def pop(self):
        if self.is_empty():
            raise IndexError(""pop from empty stack"")

        self.__min_stack.pop()
        return self.__stack.pop()

    def peek(self):
        if self.is_empty():
            raise IndexError(""peek from empty stack"")

        return self.__stack[-1]

    def get_min(self):
        if self.is_empty():
            raise IndexError(""get_min from empty stack"")

        return self.__min_stack[-1]

    def is_empty(self):
        return len(self.__stack) == 0",3,G2,medium,hard,1,TRAIN
8a6acd1c-aa26-4d37-b675-a9f8b657489f,52,100.0,2,2026-08-19 05:07:59.115809+00:00,medium,2,12823,"class ShoppingCart:
    def __init__(self):
        self.__items = {}

    def add_item(self, name, price, quantity=1):
        if price <= 0:
            raise ValueError(""price must be positive"")
        if quantity <= 0:
            raise ValueError(""quantity must be positive"")

        if name in self.__items:
            existing_price, existing_quantity = self.__items[name]
            self.__items[name] = (existing_price, existing_quantity + quantity)
        else:
            self.__items[name] = (float(price), quantity)

    def remove_item(self, name, quantity=1):
        if name not in self.__items:
            raise ValueError(f""Item {name} not found"")

        price, current_quantity = self.__items[name]
        if quantity > current_quantity:
            raise ValueError(""quantity to remove exceeds current quantity"")

        new_quantity = current_quantity - quantity
        if new_quantity == 0:
            del self.__items[name]
        else:
            self.__items[name] = (price, new_quantity)

    def get_total(self):
        total = sum(price * quantity for price, quantity in self.__items.values())
        return round(float(total), 2)

    def get_item_count(self):
        return sum(quantity for _, quantity in self.__items.values())

    def apply_discount(self, percent):
        if not (0 <= percent <= 100):
            raise ValueError(""percent must be between 0 and 100"")

        total = self.get_total()
        return round(float(total * (1 - percent / 100)), 2)

    def __str__(self):
        return f""Cart: {self.get_item_count()} items, Total: {self.get_total()}""",1,G2,hard,hard,2,TRAIN
8a6acd1c-aa26-4d37-b675-a9f8b657489f,53,100.0,1,2026-08-19 05:10:29.785353+00:00,medium,1,9373,"class InventoryManager:
    def __init__(self):
        self.__inventory = {}

    def add_item(self, name, price, stock, category):
        if name in self.__inventory:
            raise ValueError(f""Item {name} already exists"")
        if price <= 0:
            raise ValueError(""price must be positive"")
        if stock < 0:
            raise ValueError(""stock cannot be negative"")

        self.__inventory[name] = {
            ""price"": float(price),
            ""stock"": stock,
            ""category"": category,
        }

    def restock(self, name, quantity):
        if name not in self.__inventory:
            raise ValueError(f""Item {name} not found"")
        if quantity <= 0:
            raise ValueError(""quantity must be positive"")

        self.__inventory[name][""stock""] += quantity

    def sell(self, name, quantity):
        if name not in self.__inventory:
            raise ValueError(f""Item {name} not found"")
        if quantity <= 0:
            raise ValueError(""quantity must be positive"")

        item = self.__inventory[name]
        if item[""stock""] < quantity:
            raise ValueError(""insufficient stock"")

        item[""stock""] -= quantity

    def get_by_category(self, category):
        return sorted(
            name
            for name, item in self.__inventory.items()
            if item[""category""] == category
        )

    def total_value(self):
        total = sum(
            item[""price""] * item[""stock""] for item in self.__inventory.values()
        )
        return round(float(total), 2)

    def low_stock_alert(self, threshold=5):
        return sorted(
            name
            for name, item in self.__inventory.items()
            if item[""stock""] <= threshold
        )",1,G2,medium,medium,1,TRAIN
8a6acd1c-aa26-4d37-b675-a9f8b657489f,116,100.0,6,2026-08-19 05:12:46.808535+00:00,hard,6,7630,"class ListNode:
    def __init__(self, val=0, next=None):
        self.val = val
        self.next = next


def is_palindrome_ll(head):
    if head is None or head.next is None:
        return True

    # Step 1: find the middle using slow/fast pointers
    slow = head
    fast = head
    while fast.next is not None and fast.next.next is not None:
        slow = slow.next
        fast = fast.next.next

    # slow is now at the end of the first half (or middle for odd length)
    # Step 2: reverse the second half, starting after slow
    second_half_start = slow.next
    slow.next = None  # split the list into two halves

    def reverse(node):
        prev = None
        while node is not None:
            next_node = node.next
            node.next = prev
            prev = node
            node = next_node
        return prev

    reversed_second = reverse(second_half_start)

    # Step 3: compare first half and reversed second half
    first_ptr = head
    second_ptr = reversed_second
    result = True
    while second_ptr is not None:
        if first_ptr.val != second_ptr.val:
            result = False
            break
        first_ptr = first_ptr.next
        second_ptr = second_ptr.next

    # Step 4: restore the list by reversing the second half back
    restored_second = reverse(reversed_second)
    slow.next = restored_second

    return result",1,G2,medium,hard,1,TRAIN
8a6acd1c-aa26-4d37-b675-a9f8b657489f,107,100.0,1,2026-08-19 05:14:58.888103+00:00,hard,1,6089,"class CircularQueue:
    def __init__(self, capacity):
        self.__capacity = capacity
        self.__buffer = [None] * capacity
        self.__front = 0
        self.__count = 0

    def enqueue(self, item):
        if self.is_full():
            raise OverflowError(""queue is full"")

        rear = (self.__front + self.__count) % self.__capacity
        self.__buffer[rear] = item
        self.__count += 1

    def dequeue(self):
        if self.is_empty():
            raise IndexError(""dequeue from empty queue"")

        item = self.__buffer[self.__front]
        self.__buffer[self.__front] = None
        self.__front = (self.__front + 1) % self.__capacity
        self.__count -= 1
        return item

    def peek(self):
        if self.is_empty():
            raise IndexError(""peek from empty queue"")

        return self.__buffer[self.__front]

    def is_full(self):
        return self.__count == self.__capacity

    def is_empty(self):
        return self.__count == 0

    def size(self):
        return self.__count",0,G2,hard,medium,2,TRAIN
8a6acd1c-aa26-4d37-b675-a9f8b657489f,49,83.33,3,2026-08-19 05:18:04.823660+00:00,medium,3,6325,"class BankAccount:
    def __init__(self):
        self.__balance = 0

    def deposit(self, amount):
        if amount <= 0:
            raise ValueError(""Deposit amount must be positive"")
        self.__balance += amount

    def withdraw(self, amount):
        if amount <= 0:
            raise ValueError(""Withdrawal amount must be positive"")
        if amount > self.__balance:
            raise ValueError(""Insufficient funds"")
        self.__balance -= amount

    def get_balance(self):
        return self.__balance

    def transfer(self, amount, target):
        if amount <= 0:
            raise ValueError(""Transfer amount must be positive"")
        if amount > self.__balance:
            raise ValueError(""Insufficient funds"")",0,G2,hard,medium,2,TRAIN
8a6acd1c-aa26-4d37-b675-a9f8b657489f,125,100.0,10,2026-08-19 05:25:26.341188+00:00,hard,9,7748,"class TreeNode:
    def __init__(self, val=0, left=None, right=None):
        self.val = val
        self.left = left
        self.right = right


def sorted_array_to_bst(nums):
    if not nums:
        return None

    def build(lo, hi):
        if lo > hi:
            return None
        mid = (lo + hi) // 2          # lower middle for even-length ranges
        node = TreeNode(nums[mid])
        node.left = build(lo, mid - 1)
        node.right = build(mid + 1, hi)
        return node

    return build(0, len(nums) - 1)


def is_valid_bst(root):
    def validate(node, low, high):
        if node is None:
            return True
        if low is not None and node.val <= low:
            return False
        return validate(node.left, low, node.val) and validate(node.right, node.val, high)

    return validate(root, None, None)


def max_depth(root):
    if root is None:
        return 0
    return 1 + max(max_depth(root.left), max_depth(root.right))


def tree_to_inorder(root):
    result = []

    def inorder(node):
        if node is None:
            return
        inorder(node.left)
        result.append(node.val)
        inorder(node.right)

    inorder(root)
    return result",3,G2,medium,medium,1,TRAIN
8a6acd1c-aa26-4d37-b675-a9f8b657489f,126,20.0,2,2026-08-19 05:27:37.647193+00:00,hard,1,9911,"from collections import deque


class TreeNode:
    def __init__(self, val=0, left=None, right=None):
        self.val = val
        self.left = left
        self.right = right


def serialize(root):
    if root is None:
        return """"

    values = []
    queue = deque([root])

    while queue:
        node = queue.popleft()

    return "","".join(values)


def deserialize(data):
    if data == """":
        return None


    while queue and i < len(values):
        node = queue.popleft()

        if values[i] != ""null"":
            node.left = TreeNode(int(values[i]))
            queue.append(node.left)
        i += 1

        if i < len(values) and values[i] != ""null"":
            node.right = TreeNode(int(values[i]))
            queue.append(node.right)
        i += 1

    return root


def tree_to_level_order(root):
    if root is None:
        return []

    result = []
    queue = deque([root])

    while queue:
        level_size = len(queue)
        level = []
        for _ in range(level_size):
            node = queue.popleft()
            level.append(node.val)
            if node.left:
                queue.append(node.left)
            if node.right:
                queue.append(node.right)
        result.append(level)

    return result",2,G2,hard,hard,2,TRAIN
8a6acd1c-aa26-4d37-b675-a9f8b657489f,134,76.92,3,2026-08-19 05:32:24.227702+00:00,hard,3,12676,"import random


def _validate(arr, k):
    if not arr:
        raise ValueError(""List is empty"")
    if k < 1 or k > len(arr):
        raise ValueError(""k is out of range"")


def kth_largest_sort(arr, k):
    _validate(arr, k)
    sorted_arr = sorted(arr, reverse=True)
    return sorted_arr[k - 1]


def kth_largest_quickselect(arr, k):
    _validate(arr, k)

    # Bug: uses k-1 directly as the ascending-order index instead of
    # converting to len(arr) - k, so this actually finds the kth SMALLEST
    # element rather than the kth largest.
    target_index = k - 1
    nums = list(arr)

    def partition(left, right, pivot_index):
        pivot_value = nums[pivot_index]
        nums[pivot_index], nums[right] = nums[right], nums[pivot_index]
        store_index = left
        for i in range(left, right):
            if nums[i] < pivot_value:
                nums[store_index], nums[i] = nums[i], nums[store_index]
                store_index += 1
        nums[right], nums[store_index] = nums[store_index], nums[right]
        return store_index

    def select(left, right, index):
        while True:
            if left == right:
                return nums[left]
            pivot_index = random.randint(left, right)
            pivot_index = partition(left, right, pivot_index)
            if index == pivot_index:
                return nums[index]
            elif index < pivot_index:
                right = pivot_index - 1
            else:
                left = pivot_index + 1

    return select(0, len(nums) - 1, target_index)",1,G2,hard,hard,2,TRAIN
907f56f9-66c4-46cb-824b-468ef92edbd0,58,100.0,2,2026-08-18 08:46:46.469855+00:00,medium,1,5850,"class Account:
    def __init__(self, owner, balance=0):
        self.owner = owner
        self.balance = balance

    def deposit(self, amount):
        if amount <= 0:
            raise ValueError(""Deposit amount must be positive"")
        self.balance += amount

    def withdraw(self, amount):
        if amount <= 0 or amount > self.balance:
            raise ValueError(""Invalid withdrawal"")
        self.balance -= amount

    def get_balance(self):
        return self.balance

    def __str__(self):
        return f""{self.owner}'s Account: PHP {self.balance}""


class SavingsAccount(Account):
    def __init__(self, owner, balance, interest_rate):
        super().__init__(owner, balance)
        self.interest_rate = interest_rate

    def apply_interest(self):
        self.balance = round(
            self.balance * (1 + self.interest_rate / 100), 2
        )

    def withdraw(self, amount):
        if amount <= 0 or self.balance - amount < 500:
            raise ValueError(""Savings balance cannot fall below 500"")
        self.balance -= amount


class CreditAccount(Account):
    def __init__(self, owner, credit_limit):
        super().__init__(owner, 0)
        self.credit_limit = credit_limit

    def withdraw(self, amount):
        if amount <= 0 or self.balance - amount < -self.credit_limit:
            raise ValueError(""Credit limit exceeded"")
        self.balance -= amount

    def available_credit(self):
        return self.credit_limit + self.balance
",3,G2,,medium,-1,TRAIN
907f56f9-66c4-46cb-824b-468ef92edbd0,7,100.0,3,2026-08-18 10:19:06.294444+00:00,easy,1,5945,"def digit_decomposer(n):
    original = n

    if n == 0:
        count = 1
        total = 0
        reversed_num = 0
    else:
        count = 0
        total = 0
        reversed_num = 0

        while n > 0:
            digit = n % 10
            total += digit
            reversed_num = reversed_num * 10 + digit
            count += 1
            n //= 10

    print(f""Digits: {count}"")
    print(f""Sum: {total}"")
    print(f""Reversed: {reversed_num}"")
    print(f""Is palindrome: {original == reversed_num}"")
",1,G2,medium,easy,1,TRAIN
907f56f9-66c4-46cb-824b-468ef92edbd0,31,100.0,4,2026-08-18 10:30:20.954331+00:00,easy,3,3961,"def grade_report(students):
    result = []

    for name, grades in students:
        if not grades:
            average = 0.0
            standing = ""No grades""
        else:
            average = round(sum(grades) / len(grades), 2)

            if average >= 90:
                standing = ""Excellent""
            elif average >= 75:
                standing = ""Good""
            elif average >= 60:
                standing = ""Passing""
            else:
                standing = ""Failing""

        result.append((name, average, standing))

    return sorted(result, key=lambda x: (-x[1], x[0]))",1,G2,easy,hard,0,TRAIN
907f56f9-66c4-46cb-824b-468ef92edbd0,59,100.0,3,2026-08-18 10:40:48.660780+00:00,medium,2,7818,"class Media:
    def __init__(self, title, creator, year):
        self.title = title
        self.creator = creator
        self.year = year

    def info(self):
        return f""{self.title} by {self.creator} ({self.year})""

    def is_classic(self):
        return self.year < 2000


class Book(Media):
    def __init__(self, title, creator, year, pages):
        super().__init__(title, creator, year)
        self.pages = pages

    def info(self):
        return f""{self.title} by {self.creator} ({self.year}) — {self.pages} pages""

    def reading_time(self, wpm=250):
        return round((self.pages * 250) / wpm)


class Movie(Media):
    def __init__(self, title, creator, year, duration_min):
        super().__init__(title, creator, year)
        self.duration_min = duration_min

    def info(self):
        return f""{self.title} directed by {self.creator} ({self.year}) — {self.duration_min} min""

    def is_feature(self):
        return self.duration_min >= 60


class Song(Media):
    def __init__(self, title, creator, year, duration_sec):
        super().__init__(title, creator, year)
        self.duration_sec = duration_sec

    def info(self):
        return f""{self.title} by {self.creator} ({self.year}) — {self.duration_sec}s""

    def formatted_duration(self):
        minutes = self.duration_sec // 60
        seconds = self.duration_sec % 60
        return f""{minutes}:{seconds:02d}""",3,G2,easy,hard,0,TRAIN
907f56f9-66c4-46cb-824b-468ef92edbd0,70,80.0,3,2026-08-18 10:45:32.525976+00:00,medium,2,4923,"class ReportSection:
    def __init__(self, title, data):
        self.title = title
        self.data = data

    def generate(self):
        if not self.data:
            return f""=== {self.title} ===\n(no data)""
        return f""=== {self.title} ===\n"" + ""\n"".join(str(x) for x in self.data)

    def summary(self):
        return f""{self.title}: {len(self.data)} item(s)""


class TableSection(ReportSection):
    def __init__(self, title, data, headers):
        super().__init__(title, data)
        self.headers = headers

    def generate(self):
        if not self.data:
            return f""=== {self.title} ===\n(no data)""

        widths = []

        for i, header in enumerate(self.headers):
            max_width = len(str(header))

            for row in self.data:
                max_width = max(max_width, len(str(row[i])))

            widths.append(max_width)

        header_line = "" | "".join(
            str(self.headers[i]).ljust(widths[i])
            for i in range(len(self.headers))
        )

        rows = []
        for row in self.data:
            rows.append(
                "" | "".join(
                    str(row[i]).ljust(widths[i])
                    for i in range(len(row))
                )
            )

        return f""=== {self.title} ===\n{header_line}\n"" + ""\n"".join(rows)


class ChartSection(ReportSection):
    def generate(self):
        if not self.data:
            return f""=== {self.title} ===\n(no data)""

        width = max(len(str(label)) for label, value in self.data)

        rows = []
        for label, value in self.data:
            rows.append(f""{str(label).ljust(width)} {'#' * value}"")

        return f""=== {self.title} ===\n"" + ""\n"".join(rows)


class SummarySection(ReportSection):
    def __init__(self, title, sections):
        super().__init__(title, [])
        self.sections = sections

    def generate(self):
        summaries = [section.summary() for section in self.sections]
        return f""=== {self.title} ===\n"" + ""\n"".join(summaries)


def build_report(sections):
    return ""\n\n"".join(section.generate() for section in sections)",3,G2,medium,hard,1,TRAIN
97ed1e15-8a63-484e-9fb4-507b12b58351,5,50.0,4,2026-08-18 18:44:37.641711+00:00,easy,1,5800,"def simple_calculator(a, b, op):
    if op not in (""+"", ""-"", ""*"", ""/""):
        print(""Error: Unknown operator"")
        return

    if op == ""/"":
        if b == 0:
            print(""Error: Division by zero"")
            return
        result = a / b
    elif op == ""+"":
        result = a + b
    elif op == ""-"":
        result = a - b
    elif op == ""*"":
        result = a * b

    print(f""{result:.2f}"")",0,G2,,medium,-1,TEST
97ed1e15-8a63-484e-9fb4-507b12b58351,14,100.0,7,2026-08-18 18:55:29.821364+00:00,easy,1,5786,"def bmi_classifier(weight, height):
    if height <= 0 or weight <= 0:
        print(""Invalid input"")
        return

    bmi = weight / (height ** 2)
    rounded_bmi = f""{bmi:.2f}""
    
    bmi_value = float(rounded_bmi)

    if bmi_value < 18.5:
        category = ""Underweight""
    elif 18.5 <= bmi_value < 25.0:
        category = ""Normal weight""
    elif 25.0 <= bmi_value < 30.0:
        category = ""Overweight""
    else:
        category = ""Obese""

    print(f""BMI: {rounded_bmi} — {category}"")
",0,G2,easy,easy,0,TEST
983e1147-71fc-4e44-9c9d-e0be00ca82c6,55,100.0,17,2026-08-17 10:42:33.624837+00:00,medium,6,8005,"class Shape:

    def area(self):
        return 0.0

    def describe(self):
        area_val = round(self.area(), 2)
        if area_val == int(area_val):
            area_str = f""{area_val:.1f}""
        else:
            area_str = f""{area_val:.2f}""
        return f""I am a {self.__class__.__name__} with area {area_str}""


class Circle(Shape):

    def __init__(self, radius):
        self.radius = radius

    def area(self):
        return round(3.14159 * (self.radius**2), 2)


class Rectangle(Shape):

    def __init__(self, width, height):
        self.width = width
        self.height = height

    def area(self):
        return float(self.width * self.height)


class Triangle(Shape):

    def __init__(self, base, height):
        self.base = base
        self.height = height

    def area(self):
        return float(0.5 * self.base * self.height)",0,G1,,hard,-1,TRAIN
983e1147-71fc-4e44-9c9d-e0be00ca82c6,56,100.0,1,2026-08-17 10:45:29.252768+00:00,medium,1,6972,"class Vehicle:

    def __init__(self, brand, speed):
        self.brand = brand
        self.speed = speed

    def describe(self):
        return f""Vehicle: {self.brand}, Speed: {self.speed} km/h""

    def is_fast(self):
        return self.speed > 120


class Car(Vehicle):

    def __init__(self, brand, speed, doors):
        super().__init__(brand, speed)
        self.doors = doors

    def describe(self):
        return f""Car: {self.brand}, Speed: {self.speed} km/h, Doors: {self.doors}""


class Motorcycle(Vehicle):

    def __init__(self, brand, speed):
        super().__init__(brand, speed)

    def describe(self):
        return f""Motorcycle: {self.brand}, Speed: {self.speed} km/h""


class Truck(Vehicle):

    def __init__(self, brand, speed, payload):
        super().__init__(brand, speed)
        self.payload = payload

    def describe(self):
        return f""Truck: {self.brand}, Speed: {self.speed} km/h, Payload: {self.payload}t""",3,G1,medium,hard,1,TRAIN
983e1147-71fc-4e44-9c9d-e0be00ca82c6,59,100.0,1,2026-08-17 10:49:50.293102+00:00,medium,1,8131,"class Media:

    def __init__(self, title, creator, year):
        self.title = title
        self.creator = creator
        self.year = year

    def info(self):
        return f""{self.title} by {self.creator} ({self.year})""

    def is_classic(self):
        return self.year < 2000


class Book(Media):

    def __init__(self, title, creator, year, pages):
        super().__init__(title, creator, year)
        self.pages = pages

    def info(self):
        return f""{self.title} by {self.creator} ({self.year}) — {self.pages} pages""

    def reading_time(self, wpm=250):
        return round((self.pages * 250) / wpm)


class Movie(Media):

    def __init__(self, title, creator, year, duration_min):
        super().__init__(title, creator, year)
        self.duration_min = duration_min

    def info(self):
        return f""{self.title} directed by {self.creator} ({self.year}) — {self.duration_min} min""

    def is_feature(self):
        return self.duration_min >= 60


class Song(Media):

    def __init__(self, title, creator, year, duration_sec):
        super().__init__(title, creator, year)
        self.duration_sec = duration_sec

    def info(self):
        return f""{self.title} by {self.creator} ({self.year}) — {self.duration_sec}s""

    def formatted_duration(self):
        minutes = self.duration_sec // 60
        seconds = self.duration_sec % 60
        return f""{minutes}:{seconds:02d}""",3,G1,medium,hard,1,TRAIN
983e1147-71fc-4e44-9c9d-e0be00ca82c6,60,100.0,1,2026-08-17 10:52:42.031480+00:00,medium,1,6923,"class Pet:

    def __init__(self, name, age, owner):
        self.name = name
        self.age = age
        self.owner = owner

    def info(self):
        return f""{self.name} (age {self.age}), owned by {self.owner}""

    def sound(self):
        return f""{self.name} makes a sound""

    def human_age(self):
        return self.age * 7


class Dog(Pet):

    def __init__(self, name, age, owner, breed):
        super().__init__(name, age, owner)
        self.breed = breed

    def sound(self):
        return f""{self.name} barks""

    def info(self):
        return f""{super().info()}, Breed: {self.breed}""

    def human_age(self):
        return self.age * 7


class Cat(Pet):

    def __init__(self, name, age, owner, indoor):
        super().__init__(name, age, owner)
        self.indoor = indoor

    def sound(self):
        return f""{self.name} meows""

    def info(self):
        return f""{super().info()}, Indoor: {self.indoor}""

    def human_age(self):
        return self.age * 5


class Parrot(Pet):

    def __init__(self, name, age, owner, phrase):
        super().__init__(name, age, owner)
        self.phrase = phrase

    def sound(self):
        return f""{self.name} says: {self.phrase}""

    def info(self):
        return f""{super().info()}, Phrase: {self.phrase}""

    def human_age(self):
        return self.age * 4",3,G1,medium,hard,1,TRAIN
a92e1598-3b6c-41a3-bba2-671d2c899681,73,100.0,1,2026-08-16 14:51:49.783911+00:00,medium,1,5985,"class Book:
    def __init__(self, title: str, author: str, available: bool = True):
        self.title = title
        self.author = author
        self.available = available


class Library:
    def __init__(self):
        self.books = {}

    def add_book(self, title: str, author: str):
        self.books[title] = Book(title, author)

    def borrow_book(self, title: str):
        if title not in self.books:
            raise ValueError(f""Book '{title}' not found in library."")
        if not self.books[title].available:
            raise ValueError(f""Book '{title}' is already borrowed."")
        self.books[title].available = False

    def return_book(self, title: str):
        if title not in self.books:
            raise ValueError(f""Book '{title}' not found in library."")
        if self.books[title].available:
            raise ValueError(f""Book '{title}' is not currently borrowed."")
        self.books[title].available = True

    def available_books(self) -> list:
        return sorted([
            book.title for book in self.books.values() if book.available
        ])

    def search_by_author(self, author: str) -> list:
        return sorted([
            book.title for book in self.books.values() if book.author == author
        ])",1,G1,,hard,-1,TEST
a92e1598-3b6c-41a3-bba2-671d2c899681,74,100.0,1,2026-08-16 14:54:41.539516+00:00,medium,1,5803,"class Product:
    def __init__(self, name, price, stock):
        self.name = name
        self.price = float(price)
        self.stock = int(stock)

class Store:
    def __init__(self):
        self.products = {}

    def add_product(self, name, price, stock):
        self.products[name] = Product(name, price, stock)

    def buy(self, name, quantity):
        if name not in self.products:
            raise ValueError(""Product not found"")
        if quantity <= 0:
            raise ValueError(""Quantity must be greater than 0"")
        if self.products[name].stock < quantity:
            raise ValueError(""Insufficient stock"")
        
        self.products[name].stock -= quantity

    def restock(self, name, quantity):
        if name not in self.products:
            raise ValueError(""Product not found"")
        if quantity <= 0:
            raise ValueError(""Quantity must be greater than 0"")
            
        self.products[name].stock += quantity

    def total_value(self):
        total = sum(product.price * product.stock for product in self.products.values())
        return round(total, 2)

    def available_products(self):
        available = [name for name, product in self.products.items() if product.stock > 0]
        return sorted(available)",1,G1,medium,hard,1,TEST
a92e1598-3b6c-41a3-bba2-671d2c899681,75,100.0,1,2026-08-16 14:57:19.521853+00:00,medium,1,5834,"class StudentManager:
    def __init__(self):
        self.student_courses = {}
        self.course_students = {}

    def enroll(self, student_name, course_name):
        if student_name not in self.student_courses:
            self.student_courses[student_name] = set()
        if course_name not in self.course_students:
            self.course_students[course_name] = set()
            

        if course_name in self.student_courses[student_name]:
            raise ValueError(""Student is already enrolled in this course."")
            
  
        self.student_courses[student_name].add(course_name)
        self.course_students[course_name].add(student_name)

    def drop(self, student_name, course_name):
     
        if student_name not in self.student_courses or course_name not in self.student_courses[student_name]:
            raise ValueError(""Student is not enrolled in this course."")
            
     
        self.student_courses[student_name].remove(course_name)
        self.course_students[course_name].remove(student_name)
        
        
        if not self.student_courses[student_name]:
            del self.student_courses[student_name]
        if not self.course_students[course_name]:
            del self.course_students[course_name]

    def get_courses(self, student_name):
  
        return sorted(list(self.student_courses.get(student_name, [])))

    def get_students(self, course_name):

        return sorted(list(self.course_students.get(course_name, [])))

    def top_student(self):
        if not self.student_courses:
            return None
        
        best_student = None
        max_courses = 0
        
        for student, courses in self.student_courses.items():
            num_courses = len(courses)
       
            if num_courses > max_courses:
                best_student = student
                max_courses = num_courses
            elif num_courses == max_courses:
                if best_student is None or student < best_student:
                    best_student = student
                    
        return best_student",1,G1,medium,medium,1,TEST
a92e1598-3b6c-41a3-bba2-671d2c899681,13,100.0,1,2026-08-16 15:01:10.950869+00:00,easy,1,6790,"def season_classifier(month):
    """"""
    Print the Northern Hemisphere season for a given month number (1-12), or ""Invalid month"".
    """"""
    if month in [12, 1, 2]:
        print(""Winter"")
    elif month in [3, 4, 5]:
        print(""Spring"")
    elif month in [6, 7, 8]:
        print(""Summer"")
    elif month in [9, 10, 11]:
        print(""Autumn"")
    else:
        print(""Invalid month"")",0,G1,medium,medium,1,TEST
a92e1598-3b6c-41a3-bba2-671d2c899681,14,100.0,1,2026-08-16 15:03:10.785423+00:00,easy,1,5837,"def bmi_classifier(weight, height):
    """"""
    Compute BMI from weight (kg) and height (m) and print ""BMI: {bmi} — {category}"", 
    or ""Invalid input"".
    """"""
    if weight <= 0 or height <= 0:
        print(""Invalid input"")
        return


    bmi = round(weight / (height ** 2), 2)


    if bmi < 18.5:
        category = ""Underweight""
    elif bmi < 25.0:
        category = ""Normal weight""
    elif bmi < 30.0:
        category = ""Overweight""
    else:
        category = ""Obese""

   
    print(f""BMI: {bmi} — {category}"")",0,G1,easy,hard,0,TEST
a92e1598-3b6c-41a3-bba2-671d2c899681,105,100.0,1,2026-08-16 15:05:37.926347+00:00,hard,1,5801,"from collections import deque

def round_robin(tasks, cooldown):
    """"""
    Simulate round-robin scheduling and return the total intervals elapsed until all tasks finish.
    """"""
  
    queue = deque([[name, duration] for name, duration in tasks])
    elapsed = 0
    
    while queue:

        current_task = queue.popleft()
        
    
        remaining_duration = current_task[1]
        worked_time = min(remaining_duration, cooldown)
        
    
        elapsed += worked_time
        current_task[1] -= worked_time
       
        if current_task[1] > 0:
            queue.append(current_task)
            
    return elapsed",1,G1,easy,hard,0,TEST
ab5d4e43-21c2-4826-9651-1b5752ca2aba,41,100.0,5,2026-08-18 18:26:15.554022+00:00,easy,3,4861,"def word_lengths(sentence):
    return [[word, len(word)] for word in sentence.split()]
",1,G2,,easy,-1,TEST
ab5d4e43-21c2-4826-9651-1b5752ca2aba,53,0.0,6,2026-08-18 18:34:17.633616+00:00,medium,6,7710,"class InventoryManager:
    def __init__(self):
        self.__inventory = {}

    def add_item(self, name, price, stock, category):
        pass

    def restock(self, name, quantity):
        pass

    def sell(self, name, quantity):
        pass

    def get_by_category(self, category):
        pass

    def total_value(self):
        pass

    def low_stock_alert(self, threshold=5):
        pass
",0,G2,easy,easy,0,TEST
ab5d4e43-21c2-4826-9651-1b5752ca2aba,89,0.0,6,2026-08-18 18:34:18.228543+00:00,medium,6,5789,"class LRUCache:
    def __init__(self, capacity):
        pass

    def get(self, key):
        pass

    def put(self, key, value):
        pass

    def size(self):
        pass

    def keys(self):
        pass
",0,G2,medium,medium,1,TEST
ab5d4e43-21c2-4826-9651-1b5752ca2aba,107,0.0,6,2026-08-18 18:34:21.453119+00:00,hard,6,5806,"class CircularQueue:
    def __init__(self, capacity):
        pass

    def enqueue(self, item):
        pass

    def dequeue(self):
        pass

    def peek(self):
        pass

    def is_full(self):
        pass

    def is_empty(self):
        pass

    def size(self):
        pass
",0,G2,medium,medium,1,TEST
ab5d4e43-21c2-4826-9651-1b5752ca2aba,135,0.0,6,2026-08-18 18:34:25.514263+00:00,hard,6,5914,"def merge_sort(arr):
    print(""1"")
    pass

def external_sort(data, chunk_size):
    print("""")
    pass
",0,G2,hard,easy,2,TEST
ab5d4e43-21c2-4826-9651-1b5752ca2aba,23,0.0,6,2026-08-18 18:34:27.199482+00:00,easy,6,4816,"def fizzbuzz_variant(n):
    print(""12"")
    pass
",0,G2,hard,easy,2,TEST
ab5d4e43-21c2-4826-9651-1b5752ca2aba,87,0.0,6,2026-08-18 18:34:31.327138+00:00,medium,6,3874,"def tally_votes(votes):
    print(""1"")
    pass
",0,G2,easy,easy,0,TEST
ab5d4e43-21c2-4826-9651-1b5752ca2aba,51,16.67,6,2026-08-18 18:34:32.582521+00:00,medium,6,5798,"class Gradebook:
    def __init__(self):
        self.__grades = {}

    def add_grade(self, subject, score):
        pass

    def get_grade(self, subject):
        pass

    def average(self):
        pass

    def highest_subject(self):
        pass

    def remove_grade(self, subject):
        pass
",0,G2,medium,medium,1,TEST
ab5d4e43-21c2-4826-9651-1b5752ca2aba,141,0.0,6,2026-08-18 18:34:37.971318+00:00,hard,6,3866,"def power_set(s):
    """"""
    Recursively return all subsets of s (the power set), including the empty subset.
    """"""
    pass
",0,G2,medium,medium,1,TEST
ab5d4e43-21c2-4826-9651-1b5752ca2aba,114,0.0,6,2026-08-18 18:34:38.168157+00:00,hard,6,5820,"class ListNode:
    def __init__(self, val=0, next=None):
        self.val = val
        self.next = next

def has_cycle(head):
    """"""
    Return True if the linked list contains a cycle, using Floyd's slow/fast pointer algorithm.
    """"""
    pass

def find_cycle_start(head):
    """"""
    Return the value of the node where the cycle begins, or None if there is no cycle.
    """"""
    pass
",0,G2,hard,medium,2,TEST
ab5d4e43-21c2-4826-9651-1b5752ca2aba,45,100.0,4,2026-08-19 03:04:44.316459+00:00,easy,2,2891,"import re
from collections import Counter

def text_report(text):
    """"""
    Return a dict with char_count, word_count, sentence_count, unique_words,
    most_common_word, avg_word_length, and longest_word for the given text.
    """"""
    char_count = len(text)
    word_count = len(text.split())
    sentence_count = len([s for s in re.split(r'[.!?]', text) if s.strip()])

    raw_words = text.split()
    cleaned = [w.strip('.,!?').lower() for w in raw_words]
    cleaned = [w for w in cleaned if w]

    if not cleaned:
        return {
            ""char_count"": char_count,
            ""word_count"": word_count,
            ""sentence_count"": sentence_count,
            ""unique_words"": 0,
            ""most_common_word"": """",
            ""avg_word_length"": 0,
            ""longest_word"": """",
        }

    unique_words = len(set(cleaned))

    counts = Counter(cleaned)
    max_freq = max(counts.values())
    most_common_word = min(w for w, c in counts.items() if c == max_freq)

    avg_word_length = round(sum(len(w) for w in cleaned) / len(cleaned), 2)
    max_len = max(len(w) for w in cleaned)
    longest_word = min(w for w in cleaned if len(w) == max_len)

    return {
        ""char_count"": char_count,
        ""word_count"": word_count,
        ""sentence_count"": sentence_count,
        ""unique_words"": unique_words,
        ""most_common_word"": most_common_word,
        ""avg_word_length"": avg_word_length,
        ""longest_word"": longest_word,
    }",1,G2,hard,medium,2,TEST
ab5d4e43-21c2-4826-9651-1b5752ca2aba,44,100.0,2,2026-08-19 03:07:24.243237+00:00,easy,1,9708,"def flatten_and_sort(nested):
    """"""
    Flatten a list of lists (one level) and return it sorted ascending.
    """"""
    flat = [x for sub in nested for x in sub]
    return sorted(flat)

def flatten_and_filter(nested, threshold):
    """"""
    Flatten nested, then return only elements strictly greater than threshold, in original order.
    """"""
    flat = [x for sub in nested for x in sub]
    return [x for x in flat if x > threshold]

def flatten_and_deduplicate(nested):
    """"""
    Flatten nested, remove duplicates, and return the result sorted ascending.
    """"""
    flat = [x for sub in nested for x in sub]
    return sorted(set(flat))",2,G2,easy,medium,0,TEST
ab5d4e43-21c2-4826-9651-1b5752ca2aba,43,100.0,1,2026-08-19 03:09:45.474163+00:00,easy,1,4937,"def transform_string(text, operations):
    """"""
    Apply each operation in operations to text in order, and return the result. Unrecognized ops are skipped.
    """"""
    for op in operations:
        if op == ""upper"":
            text = text.upper()
        elif op == ""lower"":
            text = text.lower()
        elif op == ""title"":
            text = text.title()
        elif op == ""reverse"":
            text = text[::-1]
        elif op == ""strip"":
            text = text.strip()
        elif op == ""remove_spaces"":
            text = text.replace("" "", """")
        elif op == ""replace_vowels"":
            text = """".join(""*"" if c in ""aeiouAEIOU"" else c for c in text)
        # unrecognized ops are skipped
    return text",2,G2,easy,medium,0,TEST
ab5d4e43-21c2-4826-9651-1b5752ca2aba,36,100.0,1,2026-08-19 03:12:15.016529+00:00,easy,1,6788,"def double_evens(lst):
    """"""
    Return a new list where even numbers are doubled and odd numbers are unchanged.
    """"""
    return [x * 2 if x % 2 == 0 else x for x in lst]

def remove_negatives(lst):
    """"""
    Return a new list with all negative numbers removed.
    """"""
    return [x for x in lst if x >= 0]

def sort_descending(lst):
    """"""
    Return the list sorted in descending order without using sort()/sorted().
    """"""
    result = list(lst)
    n = len(result)
    for i in range(n):
        for j in range(0, n - i - 1):
            if result[j] < result[j + 1]:
                result[j], result[j + 1] = result[j + 1], result[j]
    return result

def take_first(lst, n=3):
    """"""
    Return the first n elements of lst (or the full list if n exceeds its length).
    """"""
    return lst[:n]

def apply_all(data, functions):
    """"""
    Apply each function in functions to the result of the previous one, starting from data, and return the final result.
    """"""
    result = data
    for fn in functions:
        result = fn(result)
    return result",2,G2,easy,easy,0,TEST
ab5d4e43-21c2-4826-9651-1b5752ca2aba,35,100.0,10,2026-08-19 03:14:24.084688+00:00,easy,6,9718,"def factorial(n):
    if n == 0:
        return 1
    return n * factorial(n - 1)

def fibonacci(n):
    if n == 0:
        return 0
    if n == 1:
        return 1
    return fibonacci(n - 1) + fibonacci(n - 2)

def sum_digits(n):
    if n == 0:
        return 0
    return n % 10 + sum_digits(n // 10)

def gcd(a, b):
    if b == 0:
        return a
    return gcd(b, a % b)",3,G2,easy,hard,0,TEST
ab5d4e43-21c2-4826-9651-1b5752ca2aba,96,100.0,3,2026-08-19 03:17:08.291863+00:00,medium,1,4831,"import copy

def flood_fill(grid, row, col, new_color):
    """"""
    Flood-fill connected same-colored cells from (row, col) with new_color. Return a modified deep copy.
    """"""
    result = copy.deepcopy(grid)
    original_color = result[row][col]

    if original_color == new_color:
        return result

    rows = len(result)
    cols = len(result[0]) if rows else 0

    def fill(r, c):
        if r < 0 or r >= rows or c < 0 or c >= cols:
            return
        if result[r][c] != original_color:
            return
        result[r][c] = new_color
        fill(r + 1, c)
        fill(r - 1, c)
        fill(r, c + 1)
        fill(r, c - 1)

    fill(row, col)
    return result",3,G2,easy,hard,0,TEST
ab5d4e43-21c2-4826-9651-1b5752ca2aba,95,100.0,7,2026-08-19 03:20:18.485523+00:00,medium,1,5809,"def transpose(matrix):
    """"""
    Return the transpose of matrix (rows become columns). Do not modify the original.
    """"""
    rows = len(matrix)
    cols = len(matrix[0]) if rows else 0
    return [[matrix[r][c] for r in range(rows)] for c in range(cols)]

def multiply(A, B):
    """"""
    Return the matrix product of A and B. Raise ValueError if dimensions are incompatible.
    """"""
    a_rows = len(A)
    a_cols = len(A[0]) if a_rows else 0
    b_rows = len(B)
    b_cols = len(B[0]) if b_rows else 0

    if a_cols != b_rows:
        raise ValueError(""Number of columns in A must equal number of rows in B"")

    result = []
    for i in range(a_rows):
        row = []
        for j in range(b_cols):
            total = sum(A[i][k] * B[k][j] for k in range(a_cols))
            row.append(total)
        result.append(row)
    return result",3,G2,medium,hard,1,TEST
ab5d4e43-21c2-4826-9651-1b5752ca2aba,94,100.0,8,2026-08-19 03:23:44.157641+00:00,medium,1,5818,"def main_diagonal(matrix):
    """"""
    Return the elements on the main diagonal (top-left to bottom-right).
    """"""
    n = len(matrix)
    return [matrix[i][i] for i in range(n)]

def anti_diagonal(matrix):
    """"""
    Return the elements on the anti-diagonal (top-right to bottom-left).
    """"""
    n = len(matrix)
    return [matrix[i][n - 1 - i] for i in range(n)]

def is_symmetric(matrix):
    """"""
    Return True if matrix equals its transpose.
    """"""
    n = len(matrix)
    for i in range(n):
        for j in range(n):
            if matrix[i][j] != matrix[j][i]:
                return False
    return True

def trace(matrix):
    """"""
    Return the sum of the main diagonal elements.
    """"""
    return sum(main_diagonal(matrix))",2,G2,medium,hard,1,TEST
ab5d4e43-21c2-4826-9651-1b5752ca2aba,86,100.0,4,2026-08-19 03:26:37.326242+00:00,medium,1,5817,"def get_config(config, key_path, default=None):
    """"""
    Retrieve a value from a nested dict via a dot-separated key_path, or return default.
    """"""
    keys = key_path.split(""."")
    current = config
    for key in keys:
        if not isinstance(current, dict) or key not in current:
            return default
        current = current[key]
    return current

def set_config(config, key_path, value):
    """"""
    Set a value in a nested dict via a dot-separated key_path, creating dicts as needed. Modifies config in place and returns it.
    """"""
    keys = key_path.split(""."")
    current = config
    for key in keys[:-1]:
        if key not in current or not isinstance(current[key], dict):
            current[key] = {}
        current = current[key]
    current[keys[-1]] = value
    return config

def flatten_config(config, prefix=""""):
    """"""
    Flatten a nested dict into a single-level dict with dot-separated keys.
    """"""
    result = {}
    for key, value in config.items():
        full_key = f""{prefix}.{key}"" if prefix else key
        if isinstance(value, dict):
            result.update(flatten_config(value, full_key))
        else:
            result[full_key] = value
    return result",2,G2,medium,hard,1,TEST
ab5d4e43-21c2-4826-9651-1b5752ca2aba,85,100.0,8,2026-08-19 03:29:28.143078+00:00,medium,1,3881,"def build_index(documents):
    """"""
    Return an inverted index: word -> sorted list of document indices containing it.
    """"""
    index = {}
    for doc_idx, doc in enumerate(documents):
        words = doc.split()
        cleaned = {w.strip('.,!?').lower() for w in words}
        cleaned.discard("""")
        for word in cleaned:
            index.setdefault(word, []).append(doc_idx)
    for word in index:
        index[word].sort()
    return index",3,G2,medium,medium,1,TEST
ab5d4e43-21c2-4826-9651-1b5752ca2aba,138,0.0,6,2026-08-19 03:32:41.495004+00:00,hard,1,5803,"def count_paths(rows, cols):
    """"""
    Recursively count the unique top-left to bottom-right paths in a rows x cols grid (right/down moves only).
    """"""
    pass

def count_paths_memo(rows, cols, memo=None):
    """"""
    Same as count_paths, with memoization to avoid recomputation.
    """"""
    pass
",0,G2,medium,medium,1,TEST
ab5d4e43-21c2-4826-9651-1b5752ca2aba,137,0.0,13,2026-08-19 03:39:54.710076+00:00,hard,1,5789,"def is_palindrome(s):
    """"""
    Recursively check if s is a palindrome (no loops or string reversal).
    """"""
    pass
",0,G2,hard,medium,2,TEST
ab5d4e43-21c2-4826-9651-1b5752ca2aba,136,0.0,12,2026-08-19 03:43:31.204609+00:00,hard,1,5803,"def flatten(nested):
    """"""
    Recursively flatten an arbitrarily nested list into a single flat list of integers.
    """"""
    pass
",0,G2,hard,medium,2,TEST
ab5d4e43-21c2-4826-9651-1b5752ca2aba,129,0.0,4,2026-08-19 03:45:07.815273+00:00,hard,1,5801,"def insertion_sort(arr):
    """"""
    Sort arr ascending using insertion sort. Return the sorted list.
    """"""
    pass
",0,G2,hard,medium,2,TEST
ab5d4e43-21c2-4826-9651-1b5752ca2aba,120,0.0,2,2026-08-19 03:46:55.540495+00:00,hard,1,5842,"class TreeNode:
    def __init__(self, val=0, left=None, right=None):
        self.val = val
        self.left = left
        self.right = right

def is_valid_bst(root):
    """"""
    Return True if the tree is a valid BST, using min/max bounds propagation.
    """"""
    pass
",0,G2,hard,easy,2,TEST
ab5d4e43-21c2-4826-9651-1b5752ca2aba,7,50.0,5,2026-08-19 03:53:39.021695+00:00,easy,2,5850,"def digit_decomposer(n):
    """"""
    Print the digit count, digit sum, reversed number, and palindrome check for a non-negative integer, using arithmetic only.
    """"""
    original = n
    if n == 0:
        digits, total, rev = 1, 0, 0
    else:
        digits = 0
        total = 0
        rev = 0
        temp = n
        while temp > 0:
            d = temp % 10
            total += d
            rev = rev + d
            digits += 1
            temp //= 10
    is_pal = (rev == original)
    print(f""Digits: {digits}"")
    print(f""Sum: {total}"")
    print(f""Reversed: {rev}"")
    print(f""Is palindrome: {is_pal}"")",1,G2,hard,easy,2,TEST
ab5d4e43-21c2-4826-9651-1b5752ca2aba,8,50.0,3,2026-08-19 03:57:57.402370+00:00,easy,2,3864,"def currency_exchange(php, fee_percent):
    """"""
    Convert a PHP amount to USD/EUR/GBP and print each rounded to 2 dp, plus the post-fee USD amount.
    """"""
    usd = round(php * 0.017, 2)
    eur = round(php * 0.016, 2)
    gbp = round(php * 0.013, 2)
    net_php = php * (1 - fee_percent / 100)
    net_usd = round(net_php * 0.017, 1)
    print(f""USD: {usd}"")
    print(f""EUR: {eur}"")
    print(f""GBP: {gbp}"")
    print(f""After {fee_percent}% fee: {net_usd} USD"")",0,G2,easy,easy,0,TEST
ab5d4e43-21c2-4826-9651-1b5752ca2aba,9,50.0,3,2026-08-19 04:03:01.872801+00:00,easy,2,3889,"def compound_interest_calculator(p, r, n, t):
    """"""
    Print the final compound-interest amount, interest earned, and a year-by-year balance breakdown, all rounded to 2 dp.
    """"""
    A = round(p * (1 + r / 100 / n) ** (n * t), 2)
    interest = A - p
    print(f""Final amount: {A}"")
    print(f""Interest earned: {interest}"")
    print(""Year-by-year:"")
    for year in range(1, t + 1):
        balance = round(p * (1 + r / 100 / n) ** (n * year), 2)
        print(f""Year {year}: {balance}"")",1,G2,easy,easy,0,TEST
ab5d4e43-21c2-4826-9651-1b5752ca2aba,17,50.0,2,2026-08-19 04:07:02.001111+00:00,easy,2,5998,"def shipping_cost(weight, distance, is_express, is_fragile):
    """"""
    Compute and return the total shipping cost based on weight, distance, and express/fragile fees.
    """"""
    if weight <= 1:
        base = 50.00
    elif weight <= 5:
        base = 50.00 + (weight - 1) * 20.00
    else:
        base = 130.00 + (weight - 5) * 20.00

    if distance <= 50:
        mult = 1.0
    elif distance <= 200:
        mult = 1.20
    else:
        mult = 1.50

    total = base * mult
    if is_fragile:
        total += base * 0.10
    if is_express:
        total += 100.00
    return round(total, 2)",0,G2,easy,easy,0,TEST
ab5d4e43-21c2-4826-9651-1b5752ca2aba,18,55.56,2,2026-08-19 04:10:22.829060+00:00,easy,1,8765,"def ticket_price(age, day, is_member):
    """"""
    Compute and return the final ticket price based on age, day-of-week adjustment, and membership discount.
    """"""
    if age < 0:
        return ""Invalid age""
    valid_days = {""Monday"", ""Tuesday"", ""Wednesday"", ""Thursday"", ""Friday"", ""Saturday"", ""Sunday""}
    if day not in valid_days:
        return ""Invalid day""

    if age < 5:
        base = 0.0
    elif age <= 12:
        base = 150.0
    elif age <= 17:
        base = 250.0
    elif age <= 59:
        base = 350.0
    else:
        base = 250.0

    price = base
    if day in (""Tuesday"", ""Wednesday""):
        price = price * 0.80
    if day in (""Saturday"", ""Sunday""):
        price = price + 50
    if is_member:
        price = price * 0.90
    return round(price, 2)",0,G2,easy,medium,0,TEST
ab5d4e43-21c2-4826-9651-1b5752ca2aba,76,66.67,4,2026-08-19 04:14:33.644543+00:00,medium,1,5966,"class Doctor:
    def __init__(self, doctor_id, name, specialty):
        self.doctor_id = doctor_id
        self.name = name
        self.specialty = specialty

class HospitalSystem:
    def __init__(self):
        self.doctors = {}
        self.appointments = {}  # doctor_id -> {date: patient_name}
        self.patient_appointments = {}  # patient_name -> set of doctor_id

    def add_doctor(self, doctor_id, name, specialty):
        if doctor_id in self.doctors:
            raise ValueError(""Doctor ID already exists"")
        self.doctors[doctor_id] = Doctor(doctor_id, name, specialty)
        self.appointments[doctor_id] = {}

    def book_appointment(self, patient_name, doctor_id, date):
        if doctor_id not in self.doctors:
            raise ValueError(""Doctor not found"")
        self.appointments[doctor_id][date] = patient_name
        self.patient_appointments.setdefault(patient_name, set()).add(doctor_id)

    def cancel_appointment(self, patient_name, doctor_id, date):
        if doctor_id not in self.appointments or self.appointments[doctor_id].get(date) != patient_name:
            raise ValueError(""Appointment not found"")
        del self.appointments[doctor_id][date]
        self.patient_appointments[patient_name].discard(doctor_id)

    def get_appointments(self, doctor_id):
        if doctor_id not in self.doctors:
            raise ValueError(""Doctor not found"")
        entries = [f""{date}: {name}"" for date, name in self.appointments[doctor_id].items()]
        return sorted(entries)

    def get_patient_doctors(self, patient_name):
        doctor_ids = self.patient_appointments.get(patient_name, set())
        return sorted(doctor_ids)",1,G2,easy,medium,0,TEST
ab5d4e43-21c2-4826-9651-1b5752ca2aba,78,66.67,8,2026-08-19 04:18:39.676719+00:00,medium,1,6578,"class ParkingSlot:
    def __init__(self, slot_id, floor, is_occupied=False, vehicle_plate=None):
        self.slot_id = slot_id
        self.floor = floor
        self.is_occupied = is_occupied
        self.vehicle_plate = vehicle_plate

class ParkingLot:
    def __init__(self):
        self.slots = {}
        self.vehicle_to_slot = {}

    def add_slot(self, slot_id, floor):
        if slot_id in self.slots:
            raise ValueError(""Slot already exists"")
        self.slots[slot_id] = ParkingSlot(slot_id, floor)

    def park(self, vehicle_plate, preferred_floor=None):
        if vehicle_plate in self.vehicle_to_slot:
            raise ValueError(""Vehicle already parked"")

        available = [s for s in self.slots.values() if not s.is_occupied]
        available.sort(key=lambda s: (s.floor, s.slot_id))
        candidate = available[0]

        candidate.is_occupied = True
        candidate.vehicle_plate = vehicle_plate
        self.vehicle_to_slot[vehicle_plate] = candidate.slot_id

    def leave(self, vehicle_plate):
        if vehicle_plate not in self.vehicle_to_slot:
            raise ValueError(""Vehicle not found"")
        slot_id = self.vehicle_to_slot.pop(vehicle_plate)
        slot = self.slots[slot_id]
        slot.is_occupied = False
        slot.vehicle_plate = None

    def find_vehicle(self, vehicle_plate):
        if vehicle_plate not in self.vehicle_to_slot:
            raise ValueError(""Vehicle not found"")
        slot_id = self.vehicle_to_slot[vehicle_plate]
        slot = self.slots[slot_id]
        return f""Floor {slot.floor}, Slot {slot.slot_id}""

    def available_count(self):
        return sum(1 for s in self.slots.values() if not s.is_occupied)

    def occupied_slots(self):
        entries = [f""{s.slot_id} ({s.vehicle_plate})"" for s in self.slots.values() if s.is_occupied]
        return sorted(entries)",1,G2,medium,hard,1,TEST
ab5d4e43-21c2-4826-9651-1b5752ca2aba,103,60.0,3,2026-08-19 04:21:37.290071+00:00,hard,1,5869,"def simulate_queue(customers):
    """"""
    Simulate a FIFO service counter and return {name: finish_minute} for each customer.
    """"""
    result = {}
    for i, (name, service_time) in enumerate(customers):
        start = i * service_time
        finish = start + service_time
        result[name] = finish
    return result",1,G2,medium,easy,1,TEST
ab5d4e43-21c2-4826-9651-1b5752ca2aba,11,66.67,2,2026-08-19 04:23:44.005931+00:00,easy,1,6804,"def leap_year_checker(year):
    """"""
    Print ""Leap year"" if year is a leap year, or ""Not a leap year"" otherwise.
    """"""
    if year % 4 == 0:
        print(""Leap year"")
    else:
        print(""Not a leap year"")",0,G2,hard,medium,2,TEST
ab5d4e43-21c2-4826-9651-1b5752ca2aba,19,83.33,7,2026-08-19 04:27:28.411985+00:00,easy,1,6941,"def sum_of_multiples(n, k):
    """"""
    Print the sum of all multiples of k from 1 to n inclusive.
    """"""
    if n >= k:
        total = 0
        for i in range(1, n + 1):
            if i % k == 0:
                total += i
        print(total)
    else:
        print()",1,G2,easy,hard,0,TEST
ab5d4e43-21c2-4826-9651-1b5752ca2aba,83,80.0,2,2026-08-19 04:30:40.947334+00:00,medium,1,6446,"def group_by(items):
    """"""
    Return a dict mapping category -> sorted list of values, given a list of (category, value) tuples.
    """"""
    result = {}
    for category, value in items:
        result.setdefault(category, []).append(value)
    return result",1,G2,easy,medium,0,TEST
ab5d4e43-21c2-4826-9651-1b5752ca2aba,105,33.33,12,2026-08-19 04:35:54.725789+00:00,hard,3,6932,"def round_robin(tasks, cooldown):
    """"""
    Simulate round-robin scheduling and return the total intervals elapsed until all tasks finish.
    """"""
    elapsed = 0
    for name, duration in tasks:
        work = min(duration, cooldown)
        elapsed += work
    return elapsed",1,G2,medium,medium,1,TEST
ab5d4e43-21c2-4826-9651-1b5752ca2aba,112,33.33,3,2026-08-19 04:38:37.747898+00:00,hard,1,7686,"class ListNode:
    def __init__(self, val=0, next=None):
        self.val = val
        self.next = next

def find_middle(head):
    """"""
    Return the value of the middle node using slow/fast pointers (second middle if even length).
    """"""
    slow = head
    fast = head
    while fast.next and fast.next.next:
        slow = slow.next
        fast = fast.next.next
    return slow.val",1,G2,hard,medium,2,TEST
ab5d4e43-21c2-4826-9651-1b5752ca2aba,110,25.0,8,2026-08-19 04:43:05.873181+00:00,hard,2,4260,"class ListNode:
    def __init__(self, val=0, next=None):
        self.val = val
        self.next = next

def reverse_list(head):
    """"""
    Reverse the linked list in place (three-pointer technique) and return the new head.
    """"""
    pass
",0,G2,hard,easy,2,TEST
ab5d4e43-21c2-4826-9651-1b5752ca2aba,65,33.33,5,2026-08-19 04:46:06.197134+00:00,medium,1,7750,"class Payment:
    def __init__(self, amount):
        self.amount = amount

    def process(self):
        return f""Processing payment of {self.amount}""

class CreditCard(Payment):
    def __init__(self, amount, card_number):
        self.card_number = card_number

    def process(self):
        return f""Credit card ending in {self.card_number[-4:]} charged {self.amount}""

class PayPal(Payment):
    def __init__(self, amount, email):
        self.email = email

    def process(self):
        return f""PayPal payment of {self.amount} sent to {self.email}""

class Cash(Payment):
    def __init__(self, amount):
        pass

    def process(self):
        return f""Cash payment of {self.amount} accepted""

def process_all(payments):
    return [p.process() for p in payments]",1,G2,hard,medium,2,TEST
ab5d4e43-21c2-4826-9651-1b5752ca2aba,126,40.0,4,2026-08-19 04:52:54.020020+00:00,hard,1,13464,"class TreeNode:
    def __init__(self, val=0, left=None, right=None):
        self.val = val
        self.left = left
        self.right = right

def serialize(root):
    """"""
    Convert a binary tree to a level-order string (""null"" for missing children, """" for empty tree).
    """"""
    result = []
    queue = [root]
    while queue:
        node = queue.pop(0)
        if node is None:
            result.append(""null"")
            continue
        result.append(str(node.val))
        queue.append(node.left)
        queue.append(node.right)
    return "","".join(result)

def deserialize(data):
    """"""
    Convert a serialized string back to the original binary tree structure.
    """"""
    if data == """":
        return None
    tokens = data.split("","")
    root = TreeNode(int(tokens[0]))
    idx = 1
    current_level = [root]
    while idx < len(tokens) and current_level:
        next_level = []
        for node in current_level:
            if idx >= len(tokens):
                break
            right_tok = tokens[idx]; idx += 1
            if right_tok != ""null"":
                node.right = TreeNode(int(right_tok))
                next_level.append(node.right)
            if idx >= len(tokens):
                break
            left_tok = tokens[idx]; idx += 1
            if left_tok != ""null"":
                node.left = TreeNode(int(left_tok))
                next_level.append(node.left)
        current_level = next_level
    return root",2,G2,medium,hard,1,TEST
b02626a9-7180-430d-815d-e8688eddf567,37,100.0,3,2026-08-16 12:29:46.899508+00:00,easy,1,5801,"def count_occurrences(text, sub):
    return text.lower().count(sub.lower())
    pass
",0,G1,,medium,-1,TRAIN
b02626a9-7180-430d-815d-e8688eddf567,38,100.0,2,2026-08-16 13:35:09.880591+00:00,easy,1,4874,"def is_palindrome_str(s):
    cleaned = s.replace("" "", """").lower()
    return cleaned == cleaned[::-1]
    pass
",0,G1,easy,hard,0,TRAIN
b02626a9-7180-430d-815d-e8688eddf567,136,100.0,2,2026-08-16 13:52:57.213616+00:00,hard,1,5763,"def flatten(nested):
    result = []
    for item in nested:
        if isinstance(item, list):
            result.extend(flatten(item))
        else:
            result.append(item)
    return result
    pass
",2,G1,easy,hard,0,TRAIN
b02626a9-7180-430d-815d-e8688eddf567,140,100.0,2,2026-08-16 14:53:05.992254+00:00,hard,1,5837,"def binary_search_recursive(arr, target, low=0, high=None):
    if high is None:
        high = len(arr) - 1
        
    if low > high:
        return -1
        
    mid = (low + high) // 2
    
    if arr[mid] == target:
        return mid

    elif arr[mid] < target:
        return binary_search_recursive(arr, target, mid + 1, high)

    else:
        return binary_search_recursive(arr, target, low, mid - 1)
    pass

def binary_search_count(arr, target):
   
    def find_boundary(arr, target, is_first):
        low, high = 0, len(arr) - 1
        result = -1
        
        while low <= high:
            mid = (low + high) // 2
            
            if arr[mid] == target:
                result = mid
                if is_first:
                    high = mid - 1 
                else:
                    low = mid + 1  
            elif arr[mid] < target:
                low = mid + 1
            else:
                high = mid - 1
                
        return result

    left_idx = find_boundary(arr, target, True)
    
    if left_idx == -1:
        return 0
        
    right_idx = find_boundary(arr, target, False)
    
    return right_idx - left_idx + 1
    pass
",3,G1,hard,hard,2,TRAIN
b02626a9-7180-430d-815d-e8688eddf567,141,100.0,2,2026-08-16 14:57:26.896605+00:00,hard,1,3900,"def power_set(s):
    
    if not s:
        return [[]]
    first = s[0]
    rest_subsets = power_set(s[1:])
    with_first = [[first] + subset for subset in rest_subsets]
    return rest_subsets + with_first
    pass
",2,G1,hard,hard,2,TRAIN
b02626a9-7180-430d-815d-e8688eddf567,139,100.0,7,2026-08-16 15:00:07.538791+00:00,hard,4,2932,"def hanoi(n, source, target, auxiliary):
    if n == 0:
        return []
        
    moves = []
    moves.extend(hanoi(n - 1, source, auxiliary, target))
    moves.append(f""Move disk {n} from {source} to {target}"")
    moves.extend(hanoi(n - 1, auxiliary, target, source))
    
    return moves
    pass
",3,G1,hard,hard,2,TRAIN
ba612021-28a1-44f9-8687-4b2687c65f19,28,100.0,2,2026-08-18 12:52:30.884232+00:00,easy,1,3955,"def list_stats(nums):
    """"""
    Return ""Total: {total}, Max: {max}, Min: {min}, Count: {count}"" for a non-empty list of numbers.
    """"""
    min_num = min(nums)
    max_num = max(nums)
    total = sum(nums)
    count = len(nums)

    return f'Total: {total}, Max: {max_num}, Min: {min_num}, Count: {count}'

",0,G2,,hard,-1,TRAIN
ba612021-28a1-44f9-8687-4b2687c65f19,83,100.0,2,2026-08-18 12:58:35.078640+00:00,medium,1,4847,"def group_by(items):
    """"""
    Return a dict mapping category -> sorted list of values, given a list of (category, value) tuples.
    """"""
    result = {}

    for category, value in items:
        if category not in result:
            result[category] = []

        result[category].append(value)

    for category in result:
        result[category].sort()

    return result",2,G2,easy,hard,0,TRAIN
be013699-a6d9-4dcb-a177-db09682a5187,109,100.0,2,2026-08-18 06:06:50.972090+00:00,hard,1,6779,"class ListNode:
    def __init__(self, val=0, next=None):
        self.val = val
        self.next = next


def ll_sum(head):
    """"""
    Return the sum of all node values in the linked list. Return 0 for an empty list.
    """"""
    total = 0
    curr = head
    while curr:
        total += curr.val
        curr = curr.next
    return total


def ll_to_list(head):
    """"""
    Convert a linked list to a Python list of values.
    """"""
    result = []
    curr = head
    while curr:
        result.append(curr.val)
        curr = curr.next
    return result


def list_to_ll(values):
    """"""
    Convert a Python list to a linked list and return the head node (or None if empty).
    """"""
    if not values:
        return None

    head = ListNode(values[0])
    curr = head
    for val in values[1:]:
        curr.next = ListNode(val)
        curr = curr.next
    return head",1,G2,,hard,-1,TRAIN
be013699-a6d9-4dcb-a177-db09682a5187,122,100.0,1,2026-08-18 06:13:35.574653+00:00,hard,1,5839,"class TreeNode:
    def __init__(self, val=0, left=None, right=None):
        self.val = val
        self.left = left
        self.right = right


def bst_insert(root, val):
    """"""
    Insert val into the BST iteratively and return the root. Unchanged if val already exists.
    """"""
    if not root:
        return TreeNode(val)

    curr = root
    while curr:
        if val == curr.val:
            return root
        elif val < curr.val:
            if not curr.left:
                curr.left = TreeNode(val)
                return root
            curr = curr.left
        else:
            if not curr.right:
                curr.right = TreeNode(val)
                return root
            curr = curr.right

    return root


def bst_search(root, val):
    """"""
    Return True if val exists in the BST, iteratively.
    """"""
    curr = root
    while curr:
        if val == curr.val:
            return True
        elif val < curr.val:
            curr = curr.left
        else:
            curr = curr.right
    return False",1,G2,hard,hard,2,TRAIN
be013699-a6d9-4dcb-a177-db09682a5187,123,100.0,1,2026-08-18 06:16:42.504642+00:00,hard,1,5863,"class TreeNode:
    def __init__(self, val=0, left=None, right=None):
        self.val = val
        self.left = left
        self.right = right


def is_symmetric(root):
    """"""
    Return True if the tree is symmetric around its center, solved iteratively without imports.
    """"""
    if not root:
        return True

    queue = [(root.left, root.right)]

    while queue:
        t1, t2 = queue.pop(0)

        if not t1 and not t2:
            continue
        if not t1 or not t2:
            return False
        if t1.val != t2.val:
            return False

        # Enqueue mirror pairs: outer pair, then inner pair
        queue.append((t1.left, t2.right))
        queue.append((t1.right, t2.left))

    return True",1,G2,hard,hard,2,TRAIN
be013699-a6d9-4dcb-a177-db09682a5187,121,100.0,2,2026-08-18 06:17:55.350332+00:00,hard,2,6790,"class TreeNode:
    def __init__(self, val=0, left=None, right=None):
        self.val = val
        self.left = left
        self.right = right


def inorder(root):
    """"""
    Return node values via iterative inorder traversal (explicit stack).
    """"""
    res, stack = [], []
    curr = root
    while curr or stack:
        while curr:
            stack.append(curr)
            curr = curr.left
        curr = stack.pop()
        res.append(curr.val)
        curr = curr.right
    return res


def preorder(root):
    """"""
    Return node values via iterative preorder traversal (explicit stack).
    """"""
    if not root:
        return []
    res, stack = [], [root]
    while stack:
        node = stack.pop()
        res.append(node.val)
        if node.right:
            stack.append(node.right)
        if node.left:
            stack.append(node.left)
    return res


def postorder(root):
    """"""
    Return node values via iterative postorder traversal (explicit stack).
    """"""
    if not root:
        return []
    res, stack = [], [root]
    while stack:
        node = stack.pop()
        res.append(node.val)
        if node.left:
            stack.append(node.left)
        if node.right:
            stack.append(node.right)
    return res[::-1]",2,G2,hard,hard,2,TRAIN
c946494b-5179-461d-9b58-908e4cebb1ea,109,100.0,4,2026-08-16 16:32:26.985935+00:00,hard,1,6992,"class ListNode:
    def __init__(self, val=0, next=None):
        self.val = val
        self.next = next


def ll_sum(head):
    total = 0
    curr = head

    while curr:
        total += curr.val
        curr = curr.next

    return total


def ll_to_list(head):
    result = []
    curr = head

    while curr:
        result.append(curr.val)
        curr = curr.next

    return result


def list_to_ll(values):
    if not values:
        return None

    head = ListNode(values[0])
    curr = head

    for val in values[1:]:
        curr.next = ListNode(val)
        curr = curr.next

    return head",1,G1,,hard,-1,TRAIN
c946494b-5179-461d-9b58-908e4cebb1ea,113,100.0,2,2026-08-16 16:47:00.696902+00:00,hard,1,5816,"class ListNode:
    def __init__(self, val=0, next=None):
        self.val = val
        self.next = next


def merge_sorted(l1, l2):
    """"""
    Merge two sorted linked lists into one sorted linked list
    (relink nodes, don't create new ones) and return the head.
    """"""
    dummy = ListNode()
    curr = dummy

    while l1 is not None and l2 is not None:
        if l1.val <= l2.val:
            curr.next = l1
            l1 = l1.next
        else:
            curr.next = l2
            l2 = l2.next

        curr = curr.next

    if l1 is not None:
        curr.next = l1
    else:
        curr.next = l2

    return dummy.next",1,G1,hard,hard,2,TRAIN
c946494b-5179-461d-9b58-908e4cebb1ea,114,100.0,2,2026-08-16 16:50:40.400259+00:00,hard,1,5819,"class ListNode:
    def __init__(self, val=0, next=None):
        self.val = val
        self.next = next


def has_cycle(head):
    """"""
    Return True if the linked list contains a cycle,
    using Floyd's slow/fast pointer algorithm.
    """"""
    slow = head
    fast = head

    while fast is not None and fast.next is not None:
        slow = slow.next
        fast = fast.next.next

        if slow is fast:
            return True

    return False


def find_cycle_start(head):
    """"""
    Return the value of the node where the cycle begins,
    or None if there is no cycle.
    """"""
    slow = head
    fast = head

    # First, detect whether a cycle exists.
    while fast is not None and fast.next is not None:
        slow = slow.next
        fast = fast.next.next

        if slow is fast:
            break
    else:
        return None

    # Find the start of the cycle.
    slow = head

    while slow is not fast:
        slow = slow.next
        fast = fast.next

    return slow.val",1,G1,hard,hard,2,TRAIN
c946494b-5179-461d-9b58-908e4cebb1ea,112,100.0,4,2026-08-16 16:52:35.745291+00:00,hard,2,5795,"class ListNode:
    def __init__(self, val=0, next=None):
        self.val = val
        self.next = next


def find_middle(head):
    """"""
    Return the value of the middle node using slow/fast pointers
    (second middle if even length).
    """"""
    if head is None:
        return None

    slow = head
    fast = head

    while fast is not None and fast.next is not None:
        slow = slow.next
        fast = fast.next.next

    return slow.val",1,G1,hard,hard,2,TRAIN
cc624091-97ec-45ae-b593-822ea65543ab,109,100.0,3,2026-08-16 12:27:25.860680+00:00,hard,1,6734,"class ListNode:
    def __init__(self, val=0, next=None):
        self.val = val
        self.next = next


def ll_sum(head):
    """"""
    Return the sum of all node values in the linked list. Return 0 for an empty list.
    """"""
    total = 0
    current = head
    while current:
        total += current.val
        current = current.next
    return total


def ll_to_list(head):
    """"""
    Convert a linked list to a Python list of values.
    """"""
    result = []
    current = head
    while current:
        result.append(current.val)
        current = current.next
    return result


def list_to_ll(values):
    """"""
    Convert a Python list to a linked list and return the head node (or None if empty).
    """"""
    if not values:
        return None
    head = ListNode(values[0])
    current = head
    for val in values[1:]:
        current.next = ListNode(val)
        current = current.next
    return head",1,G1,,hard,-1,TRAIN
cc624091-97ec-45ae-b593-822ea65543ab,111,100.0,2,2026-08-16 12:30:44.919440+00:00,hard,1,4815,"class ListNode:
    def __init__(self, val=0, next=None):
        self.val = val
        self.next = next


def delete_node(head, val):
    """"""
    Delete the first node whose value equals val and return the head. Unchanged if not found.
    """"""
    if head is not None and head.val == val:
        return head.next

    current = head
    while current is not None and current.next is not None:
        if current.next.val == val:
            current.next = current.next.next
            return head
        current = current.next

    return head",1,G1,hard,medium,2,TRAIN
cc624091-97ec-45ae-b593-822ea65543ab,41,100.0,2,2026-08-16 12:33:58.385103+00:00,easy,1,4813,"def word_lengths(sentence):
    """"""
    Return a list of (word, length) tuples for each word in sentence, preserving order (use a list comprehension).
    """"""
    return [(word, len(word)) for word in sentence.split()]
",1,G1,hard,hard,2,TRAIN
cc624091-97ec-45ae-b593-822ea65543ab,141,100.0,2,2026-08-16 12:36:18.488542+00:00,hard,1,3889,"def power_set(s):
    """"""
    Recursively return all subsets of s (the power set), including the empty subset.
    """"""
    if not s:
        return [[]]

    first = s[0]
    rest_subsets = power_set(s[1:])

    return rest_subsets + [[first] + subset for subset in rest_subsets]",2,G1,easy,hard,0,TRAIN
cc624091-97ec-45ae-b593-822ea65543ab,110,100.0,2,2026-08-16 12:39:59.834632+00:00,hard,1,3864,"class ListNode:
    def __init__(self, val=0, next=None):
        self.val = val
        self.next = next


def reverse_list(head):
    """"""
    Reverse the linked list in place (three-pointer technique) and return the new head.
    """"""
    prev = None
    curr = head

    while curr is not None:
        next_node = curr.next
        curr.next = prev
        prev = curr
        curr = next_node

    return prev",1,G1,hard,medium,2,TRAIN
cc624091-97ec-45ae-b593-822ea65543ab,40,100.0,2,2026-08-16 12:42:29.785432+00:00,easy,1,4859,"def filter_transform(nums):
    """"""
    Return a list of the even numbers in nums, each multiplied by 2 (use a list comprehension).
    """"""
    return [n * 2 for n in nums if n % 2 == 0]
",1,G1,hard,medium,2,TRAIN
f3def67e-3e24-4be2-95eb-f444a4440188,128,100.0,2,2026-08-16 13:48:13.184266+00:00,hard,1,5865,"def selection_sort(arr):
    """"""
    Sort arr ascending using selection sort. Return the sorted list.
    """"""
    n = len(arr)
    for i in range(n):
        # Find the index of the minimum element in the unsorted portion
        min_idx = i
        for j in range(i + 1, n):
            if arr[j] < arr[min_idx]:
                min_idx = j
        
        # Swap the found minimum element with the first element of the unsorted portion
        arr[i], arr[min_idx] = arr[min_idx], arr[i]
        
    return arr
",2,G1,,hard,-1,TRAIN
f3def67e-3e24-4be2-95eb-f444a4440188,127,100.0,1,2026-08-16 13:51:51.289259+00:00,hard,1,6758,"def bubble_sort(arr):
    """"""
    Sort arr ascending using bubble sort with early termination. Return the sorted list.
    """"""
    n = len(arr)
    for i in range(n):
        swapped = False
        # Last i elements are already in place
        for j in range(0, n - i - 1):
            if arr[j] > arr[j + 1]:
                # Swap adjacent elements
                arr[j], arr[j + 1] = arr[j + 1], arr[j]
                swapped = True
        
        # If no elements were swapped, the array is already sorted
        if not swapped:
            break
            
    return arr",2,G1,hard,medium,2,TRAIN
f3def67e-3e24-4be2-95eb-f444a4440188,28,100.0,2,2026-08-16 13:54:19.879001+00:00,easy,1,3867,"def list_stats(nums):
    """"""
    Return ""Total: {total}, Max: {max}, Min: {min}, Count: {count}"" for a non-empty list of numbers.
    """"""
    total = sum(nums)
    maximum = max(nums)
    minimum = min(nums)
    count = len(nums)
    
    return f""Total: {total}, Max: {maximum}, Min: {minimum}, Count: {count}""",0,G1,hard,medium,2,TRAIN
f3def67e-3e24-4be2-95eb-f444a4440188,29,100.0,4,2026-08-16 13:58:52.917162+00:00,easy,1,2910,"def summarize(text):
    """"""
    Return ""Words: {word_count}, Chars: {char_count}, Unique: {unique_words}, Longest: {longest_word}"" for text.
    """"""
    words = text.split()
    word_count = len(words)
    
    # Count characters excluding whitespace
    char_count = sum(len(w) for w in words)
    
    # Unique word count
    unique_words = len(set(words))
    
    # Find longest word (ties broken by last occurrence)
    longest_word = """"
    for w in words:
        if len(w) >= len(longest_word):
            longest_word = w
            
    return f""Words: {word_count}, Chars: {char_count}, Unique: {unique_words}, Longest: {longest_word}""",1,G1,easy,medium,0,TRAIN
f3def67e-3e24-4be2-95eb-f444a4440188,30,100.0,2,2026-08-16 14:04:03.362501+00:00,easy,1,5832,"def safe_convert(value, target_type):
    """"""
    Convert value (a string) to target_type (""int""/""float""/""bool""), or return None if conversion fails.
    """"""
    try:
        if target_type == ""int"":
            return int(value)
        elif target_type == ""float"":
            return float(value)
        elif target_type == ""bool"":
            val_lower = value.strip().lower()
            if val_lower in (""true"", ""1""):
                return True
            elif val_lower in (""false"", ""0""):
                return False
            return None
    except (ValueError, TypeError):
        return None
        
    return None",0,G1,easy,hard,0,TRAIN
f3def67e-3e24-4be2-95eb-f444a4440188,129,100.0,2,2026-08-16 14:05:31.276626+00:00,hard,1,6775,"def insertion_sort(arr):
    """"""
    Sort arr ascending using insertion sort. Return the sorted list.
    """"""
    for i in range(1, len(arr)):
        key = arr[i]
        j = i - 1
        
        # Move elements of arr[0..i-1] that are greater than key
        # to one position ahead of their current position
        while j >= 0 and arr[j] > key:
            arr[j + 1] = arr[j]
            j -= 1
            
        arr[j + 1] = key
        
    return arr",2,G1,easy,hard,0,TRAIN
